timestamp,symbol,open,high,low,close,trades,volume,vwap,lastSize,turnover,homeNotional,foreignNotional
2018-04-27 00:00:00+00:00,XBTUSD,8846.5,9327.0,8611.0,9288.0,618268,3628323166,8877.8409,3200,40869956152820,408699.5615281989,3628323166.0
2018-04-28 00:00:00+00:00,XBTUSD,9288.0,9384.5,8910.0,8928.0,516355,2858560602,9203.8656,1,31059424085903,310594.2408590306,2858560602.0
2018-04-29 00:00:00+00:00,XBTUSD,8928.0,9450.0,8852.0,9343.5,537836,2857265463,9233.6103,12000,30945470336387,309454.7033638717,2857265463.0
2018-04-30 00:00:00+00:00,XBTUSD,9343.5,9540.0,9192.0,9400.5,455854,2283372166,9358.0386,3,24401136822591,244011.36822591,2283372166.0
2018-05-01 00:00:00+00:00,XBTUSD,9400.5,9457.0,9123.0,9250.0,437739,2370798272,9288.5008,1,25524367691900,255243.67691900136,2370798272.0
2018-05-02 00:00:00+00:00,XBTUSD,9250.0,9253.5,8800.5,9066.0,467963,2581286454,8980.6915,2000,28744534544678,287445.3454467792,2581286454.0
2018-05-03 00:00:00+00:00,XBTUSD,9066.0,9258.0,8974.5,9216.0,366161,1979596355,9121.5908,2500,21703456655912,217034.56655912052,1979596355.0
2018-05-04 00:00:00+00:00,XBTUSD,9216.0,9852.0,9167.5,9741.5,439901,3062952316,9442.8706,300,32437955988840,324379.5598884,3062952316.0
2018-05-05 00:00:00+00:00,XBTUSD,9741.5,9778.0,9351.0,9683.0,441122,2686795243,9658.1031,5000,27821014137111,278210.14137110783,2686795243.0
2018-05-06 00:00:00+00:00,XBTUSD,9683.0,9970.0,9671.5,9828.5,414283,2448922057,9842.5197,288,24883266379887,248832.6637988693,2448922057.0
2018-05-07 00:00:00+00:00,XBTUSD,9828.5,9936.0,9416.0,9600.5,422141,2905667236,9607.9939,500,30243203715420,302432.037154201,2905667236.0
2018-05-08 00:00:00+00:00,XBTUSD,9600.5,9618.0,9170.0,9359.5,508751,3094401138,9332.7112,1,33157946741349,331579.4674134889,3094401138.0
2018-05-09 00:00:00+00:00,XBTUSD,9359.5,9449.0,9002.0,9190.5,451130,2521604621,9244.7074,2000,27277189727742,272771.89727741794,2521604621.0
2018-05-10 00:00:00+00:00,XBTUSD,9190.5,9345.0,8966.0,9305.5,384652,2209067325,9180.2075,4000,24064832313259,240648.32313259173,2209067325.0
2018-05-11 00:00:00+00:00,XBTUSD,9305.5,9399.0,9001.0,9027.5,382472,2312772193,9243.8528,100,25019675895584,250196.75895583731,2312772193.0
2018-05-12 00:00:00+00:00,XBTUSD,9027.5,9027.5,8337.0,8413.0,549819,4076886927,8676.7896,1000,46987321184708,469873.2118470802,4076886927.0
2018-05-13 00:00:00+00:00,XBTUSD,8413.0,8634.5,8225.0,8477.0,554606,3743678488,8416.0916,20,44482622036256,444826.22036256647,3743678488.0
2018-05-14 00:00:00+00:00,XBTUSD,8477.0,8758.0,8336.0,8693.5,447401,2489733333,8554.3199,14261,29106128456920,291061.2845692,2489733333.0
2018-05-15 00:00:00+00:00,XBTUSD,8693.5,8882.5,8282.5,8678.0,504260,3328000880,8568.9803,1940,38838218525661,388382.1852566095,3328000880.0
2018-05-16 00:00:00+00:00,XBTUSD,8678.0,8849.0,8417.5,8476.5,430845,2518801102,8621.4329,78204,29216737617622,292167.3761762208,2518801102.0
2018-05-17 00:00:00+00:00,XBTUSD,8476.5,8497.0,8080.0,8334.5,488703,3019083310,8271.2986,15,36503181668392,365031.8166839265,3019083310.0
2018-05-18 00:00:00+00:00,XBTUSD,8334.5,8481.0,7945.0,8058.5,359754,2062998531,8263.7799,1000,24966222401803,249662.22401803327,2062998531.0
2018-05-19 00:00:00+00:00,XBTUSD,8058.5,8273.5,7920.0,8233.0,328769,1913268873,8092.5791,500,23643944758236,236439.4475823621,1913268873.0
2018-05-20 00:00:00+00:00,XBTUSD,8233.0,8400.0,8152.0,8230.0,267397,1389157000,8255.5932,55,16827122310409,168271.22310409186,1389157000.0
2018-05-21 00:00:00+00:00,XBTUSD,8230.0,8610.0,8174.5,8521.5,296340,1688325934,8387.1509,20000,20130485044562,201304.8504456197,1688325934.0
2018-05-22 00:00:00+00:00,XBTUSD,8521.5,8594.5,8320.0,8397.0,312755,1822218966,8457.3748,6000,21546469434841,215464.69434841035,1822218966.0
2018-05-23 00:00:00+00:00,XBTUSD,8397.0,8407.0,7950.0,7989.0,383794,2605511682,8199.4096,100,31778000407187,317780.0040718721,2605511682.0
2018-05-24 00:00:00+00:00,XBTUSD,7989.0,8028.5,7430.5,7506.0,544215,4239365202,7730.3649,180,54841330063384,548413.3006338348,4239365202.0
2018-05-25 00:00:00+00:00,XBTUSD,7506.0,7740.0,7256.0,7568.0,520470,3643462743,7498.5003,7000,48590134518689,485901.3451868863,3643462743.0
2018-05-26 00:00:00+00:00,XBTUSD,7568.0,7664.0,7320.0,7464.5,417892,2525291252,7471.6079,1111,33800313398650,338003.13398649625,2525291252.0
2018-05-27 00:00:00+00:00,XBTUSD,7464.5,7648.0,7261.5,7323.0,279889,1583298168,7469.3756,2398,21197258789844,211972.58789843926,1583298168.0
2018-05-28 00:00:00+00:00,XBTUSD,7323.0,7400.0,7189.0,7336.5,293721,1587861768,7302.4682,14661,21745188022209,217451.88022208988,1587861768.0
2018-05-29 00:00:00+00:00,XBTUSD,7336.5,7450.0,7080.5,7111.0,363964,2096061721,7242.703,4720,28941616991895,289416.1699189523,2096061721.0
2018-05-30 00:00:00+00:00,XBTUSD,7111.0,7569.0,7060.0,7469.0,390406,2522014329,7323.3248,5001,34439286601494,344392.8660149397,2522014329.0
2018-05-31 00:00:00+00:00,XBTUSD,7469.0,7559.0,7272.0,7372.0,348913,2266843464,7430.5246,11,30509291221655,305092.9122165481,2266843464.0
2018-06-01 00:00:00+00:00,XBTUSD,7372.0,7625.0,7330.0,7485.5,308946,2095602599,7508.0712,300,27913012042048,279130.12042047776,2095602599.0
2018-06-02 00:00:00+00:00,XBTUSD,7485.5,7618.0,7333.0,7513.0,307689,2065583965,7476.0766,1,27630346858276,276303.4685827593,2065583965.0
2018-06-03 00:00:00+00:00,XBTUSD,7513.0,7727.0,7444.0,7631.0,244049,1629728766,7602.8283,1,21436038756732,214360.38756731988,1629728766.0
2018-06-04 00:00:00+00:00,XBTUSD,7631.0,7798.0,7575.0,7709.0,216307,1458487437,7692.3077,500,18960815180776,189608.15180775875,1458487437.0
2018-06-05 00:00:00+00:00,XBTUSD,7709.0,7760.0,7451.5,7492.0,282510,2107702433,7574.6099,963,27827198522089,278271.9852208874,2107702433.0
2018-06-06 00:00:00+00:00,XBTUSD,7492.0,7670.0,7344.0,7622.5,320230,2413959593,7486.7111,10075,32245371035583,322453.71035582863,2413959593.0
2018-06-07 00:00:00+00:00,XBTUSD,7622.5,7700.0,7478.0,7657.0,306827,2123556560,7606.298000000002,1000,27918904437052,279189.0443705197,2123556560.0
2018-06-08 00:00:00+00:00,XBTUSD,7657.0,7755.0,7630.0,7689.0,258276,1649493436,7698.8221,1000,21426388284921,214263.8828492098,1649493436.0
2018-06-09 00:00:00+00:00,XBTUSD,7689.0,7696.5,7540.0,7625.0,223555,1535801096,7619.6282,1807,20157205600042,201572.0560004204,1535801096.0
2018-06-10 00:00:00+00:00,XBTUSD,7625.0,7700.0,7436.0,7492.0,223171,1314148739,7609.1919,50,17271045818191,172710.45818190888,1314148739.0
2018-06-11 00:00:00+00:00,XBTUSD,7492.0,7492.5,6610.0,6767.0,543558,4350581769,7020.4999,100,61972086806922,619720.8680692271,4350581769.0
2018-06-12 00:00:00+00:00,XBTUSD,6767.0,6937.5,6620.0,6870.5,366268,2583772362,6757.67,200,38235020885410,382350.2088541024,2583772362.0
2018-06-13 00:00:00+00:00,XBTUSD,6870.5,6871.0,6433.0,6553.5,355145,2509548091,6684.0452,1000,37546184863512,375461.8486351213,2509548091.0
2018-06-14 00:00:00+00:00,XBTUSD,6553.5,6633.0,6097.0,6296.5,476021,3466847461,6385.696,80,54294007774925,542940.0777492513,3466847461.0
2018-06-15 00:00:00+00:00,XBTUSD,6296.5,6718.0,6268.0,6631.0,508427,3294127294,6489.2927,100,50764189773735,507641.8977373542,3294127294.0
2018-06-16 00:00:00+00:00,XBTUSD,6631.0,6680.0,6355.0,6395.0,401982,2138404894,6533.3856,4960,32732286746548,327322.8674654835,2138404894.0
2018-06-17 00:00:00+00:00,XBTUSD,6395.0,6600.5,6312.0,6488.5,341848,1623676078,6448.2848,200,25180207206537,251802.07206537155,1623676078.0
2018-06-18 00:00:00+00:00,XBTUSD,6488.5,6580.5,6425.0,6443.0,269178,1130284891,6498.5703,2000,17393073993054,173930.7399305426,1130284891.0
2018-06-19 00:00:00+00:00,XBTUSD,6443.0,6800.0,6374.5,6706.5,333054,1824293086,6552.2212,2,27843449782000,278434.49782000197,1824293086.0
2018-06-20 00:00:00+00:00,XBTUSD,6706.5,6838.0,6651.0,6731.5,310951,1571751049,6722.2372,2731,23381709361464,233817.0936146409,1571751049.0
2018-06-21 00:00:00+00:00,XBTUSD,6731.5,6823.0,6552.5,6750.0,378246,2096211966,6674.6763,1028,31407222276202,314072.2227620241,2096211966.0
2018-06-22 00:00:00+00:00,XBTUSD,6750.0,6789.0,6671.0,6710.5,288782,1379875457,6730.834,1,20501920771630,205019.20771630216,1379875457.0
2018-06-23 00:00:00+00:00,XBTUSD,6710.5,6728.0,5900.5,6048.5,650256,4251305189,6262.1329,3000,67890233490100,678902.3349009985,4251305189.0
2018-06-24 00:00:00+00:00,XBTUSD,6048.5,6270.5,6033.5,6165.0,381791,1880458657,6128.5776,983,30684360097666,306843.6009766546,1880458657.0
2018-06-25 00:00:00+00:00,XBTUSD,6165.0,6347.0,5743.0,6150.0,600540,3401207273,5992.6889,387,56759153563981,567591.535639811,3401207273.0
2018-06-26 00:00:00+00:00,XBTUSD,6150.0,6350.0,6061.0,6251.5,420514,2113153648,6201.5504,1500,34074841117225,340748.4111722476,2113153648.0
2018-06-27 00:00:00+00:00,XBTUSD,6251.5,6280.5,6044.0,6074.0,404613,1816573704,6188.5018,1039,29355498266689,293554.9826668843,1816573704.0
2018-06-28 00:00:00+00:00,XBTUSD,6074.0,6178.0,5980.0,6129.0,384319,1725329775,6089.0215,2108,28335883158644,283358.83158643503,1725329775.0
2018-06-29 00:00:00+00:00,XBTUSD,6129.0,6154.5,5820.0,5844.5,403072,1878641954,6014.3141,30470,31237029058009,312370.29058008746,1878641954.0
2018-06-30 00:00:00+00:00,XBTUSD,5844.5,6333.0,5778.0,6205.5,494816,2322980304,5939.6531,2000,39111394479030,391113.9447902984,2322980304.0
2018-07-01 00:00:00+00:00,XBTUSD,6205.5,6570.0,6190.0,6383.5,416488,1828580066,6375.518,14270,28681691951083,286816.9195108302,1828580066.0
2018-07-02 00:00:00+00:00,XBTUSD,6383.5,6432.0,6255.0,6346.0,344355,1334552363,6349.2063,200,21020329453865,210203.2945386485,1334552363.0
2018-07-03 00:00:00+00:00,XBTUSD,6346.0,6675.0,6268.0,6610.0,407138,1908182354,6492.2418,500,29393008152158,293930.08152157627,1908182354.0
2018-07-04 00:00:00+00:00,XBTUSD,6610.0,6670.0,6463.5,6505.5,386067,1803542193,6577.2165,3690,27421731664521,274217.3166452123,1803542193.0
2018-07-05 00:00:00+00:00,XBTUSD,6505.5,6820.0,6412.0,6582.0,434034,2310207797,6580.6791,1500,35108068710892,351080.68710891844,2310207797.0
2018-07-06 00:00:00+00:00,XBTUSD,6582.0,6730.0,6429.0,6526.5,547646,2647394794,6581.5453,1,40224798279399,402247.98279399495,2647394794.0
2018-07-07 00:00:00+00:00,XBTUSD,6526.5,6650.0,6453.0,6599.5,408055,1742814039,6542.3618,10604,26639010325276,266390.1032527592,1742814039.0
2018-07-08 00:00:00+00:00,XBTUSD,6599.5,6868.0,6503.0,6756.5,382674,1559327485,6605.4561,310,23607908988510,236079.08988509944,1559327485.0
2018-07-09 00:00:00+00:00,XBTUSD,6756.5,6774.5,6670.0,6701.0,273498,1137205977,6733.0999,12000,16890519936312,168905.1993631218,1137205977.0
2018-07-10 00:00:00+00:00,XBTUSD,6701.0,6841.0,6626.0,6668.0,348407,1664819307,6706.4583,6000,24824846244278,248248.46244278137,1664819307.0
2018-07-11 00:00:00+00:00,XBTUSD,6668.0,6678.0,6260.0,6304.0,503240,2705577791,6457.0285,3000,41903518757875,419035.1875787474,2705577791.0
2018-07-12 00:00:00+00:00,XBTUSD,6304.0,6399.5,6277.0,6371.0,433528,1767112110,6346.7885,400,27844225314229,278442.25314229,1767112110.0
2018-07-13 00:00:00+00:00,XBTUSD,6371.0,6371.0,6065.0,6246.5,446891,2380315491,6205.3987,50,38360383657655,383603.836576548,2380315491.0
2018-07-14 00:00:00+00:00,XBTUSD,6246.5,6350.0,6111.0,6213.0,381150,1778981873,6231.3061,64,28549177288806,285491.7728880567,1778981873.0
2018-07-15 00:00:00+00:00,XBTUSD,6213.0,6320.0,6181.5,6245.5,354588,1342839848,6239.4709,2900,21521983435220,215219.83435219788,1342839848.0
2018-07-16 00:00:00+00:00,XBTUSD,6245.5,6392.0,6231.0,6347.5,347672,1314694866,6327.512,5000,20778545673191,207785.45673190968,1314694866.0
2018-07-17 00:00:00+00:00,XBTUSD,6347.5,6738.0,6338.0,6719.5,525478,2959875907,6563.8333,100,45095232155768,450952.3215576812,2959875907.0
2018-07-18 00:00:00+00:00,XBTUSD,6719.5,7470.0,6659.5,7318.5,650951,4090279858,7002.3108,1,58414653769989,584146.5376998978,4090279858.0
2018-07-19 00:00:00+00:00,XBTUSD,7318.5,7600.0,7230.0,7384.0,817692,4930792781,7416.7469999999985,50000,66484795644836,664847.9564483603,4930792781.0
2018-07-20 00:00:00+00:00,XBTUSD,7384.0,7584.0,7284.0,7466.5,587362,3254160878,7415.0971,13,43887113966721,438871.1396672082,3254160878.0
2018-07-21 00:00:00+00:00,XBTUSD,7466.5,7715.0,7270.5,7333.0,694070,4059000217,7429.9725,1,54632979637568,546329.7963756836,4059000217.0
2018-07-22 00:00:00+00:00,XBTUSD,7333.0,7450.0,7209.5,7401.0,410497,2078516076,7340.526999999999,6127,28316336543400,283163.3654339979,2078516076.0
2018-07-23 00:00:00+00:00,XBTUSD,7401.0,7590.0,7321.0,7391.5,531341,2954588627,7446.5709,3,39678676777307,396786.7677730676,2954588627.0
2018-07-24 00:00:00+00:00,XBTUSD,7391.5,7799.0,7376.0,7720.0,731927,4401153931,7672.2418,20000,57365473134805,573654.7313480476,4401153931.0
2018-07-25 00:00:00+00:00,XBTUSD,7720.0,8478.0,7694.5,8391.0,1039604,7560074951,8110.9579,100,93211958927265,932119.5892726388,7560074951.0
2018-07-26 00:00:00+00:00,XBTUSD,8391.0,8487.0,8056.0,8177.0,880776,5858003803,8255.5932,32270,70961148290720,709611.4829072105,5858003803.0
2018-07-27 00:00:00+00:00,XBTUSD,8177.0,8319.5,7850.0,7922.0,770153,4797481739,8134.0491,32,58981549158134,589815.4915813461,4797481739.0
2018-07-28 00:00:00+00:00,XBTUSD,7922.0,8280.0,7791.0,8190.0,712153,4714351308,8038.5852,26849,58647734934803,586477.3493480392,4714351308.0
2018-07-29 00:00:00+00:00,XBTUSD,8190.0,8249.5,8075.0,8229.5,451040,2339162545,8176.6149,1000,28609364426745,286093.6442674561,2339162545.0
2018-07-30 00:00:00+00:00,XBTUSD,8229.5,8302.5,8122.0,8219.0,452077,2694502222,8214.226999999999,5403,32804840175663,328048.40175663057,2694502222.0
2018-07-31 00:00:00+00:00,XBTUSD,8219.0,8281.5,7842.0,8174.5,831375,5063640019,8093.8891,233,62561390401259,625613.9040125844,5063640019.0
2018-08-01 00:00:00+00:00,XBTUSD,8174.5,8174.5,7625.0,7727.0,969742,5811273710,7851.7588,6288,74015344235343,740153.4423534266,5811273710.0
2018-08-02 00:00:00+00:00,XBTUSD,7727.0,7757.5,7430.0,7604.5,803866,4456770573,7567.7312,1008,58892797982081,588927.979820807,4456770573.0
2018-08-03 00:00:00+00:00,XBTUSD,7604.5,7717.5,7455.5,7539.5,626499,3227088342,7580.3517,3568,42574962299705,425749.62299705046,3227088342.0
2018-08-04 00:00:00+00:00,XBTUSD,7539.5,7540.0,7292.5,7411.0,719957,4146372123,7401.3767,43000,56022107114141,560221.0711414103,4146372123.0
2018-08-05 00:00:00+00:00,XBTUSD,7411.0,7487.0,6881.0,7005.5,615567,3524525987,7182.876,326,49071864043663,490718.6404366318,3524525987.0
2018-08-06 00:00:00+00:00,XBTUSD,7005.5,7094.0,6870.5,7019.5,603425,2878841101,6983.7279,4000,41224509865101,412245.098651013,2878841101.0
2018-08-07 00:00:00+00:00,XBTUSD,7019.5,7180.0,6835.0,6931.5,674625,3539203955,6973.5007,10,50754389418170,507543.8941816989,3539203955.0
2018-08-08 00:00:00+00:00,XBTUSD,6931.5,7144.0,6646.0,6711.5,770741,4550047067,6944.4444,10000,65524350652864,655243.5065286414,4550047067.0
2018-08-09 00:00:00+00:00,XBTUSD,6711.5,6712.0,6100.0,6274.0,965664,5593069624,6409.4347,17919,87267278556753,872672.7855675402,5593069624.0
2018-08-10 00:00:00+00:00,XBTUSD,6274.0,6640.0,6182.0,6536.0,703414,3889886150,6401.229,4635,60771397650814,607713.9765081533,3889886150.0
2018-08-11 00:00:00+00:00,XBTUSD,6536.0,6578.5,5971.0,6138.0,836409,4436831128,6339.948,6000,69984593708885,699845.9370888624,4436831128.0
2018-08-12 00:00:00+00:00,XBTUSD,6138.0,6503.0,5970.0,6241.0,658228,3038561351,6198.0909999999985,11887,49026895746972,490268.957469719,3038561351.0
2018-08-13 00:00:00+00:00,XBTUSD,6241.0,6499.0,6166.0,6308.5,636876,2604144385,6302.7858,2696,41318278067787,413182.7806778681,2604144385.0
2018-08-14 00:00:00+00:00,XBTUSD,6308.5,6550.0,6134.0,6245.5,625796,3003407756,6337.5372,500,47392559390973,473925.593909736,3003407756.0
2018-08-15 00:00:00+00:00,XBTUSD,6245.5,6250.0,5860.0,6193.5,841963,4419829799,6051.8034,275,73034793445925,730347.9344592454,4419829799.0
2018-08-16 00:00:00+00:00,XBTUSD,6193.5,6641.0,6182.0,6266.5,999577,5404958496,6387.7355,10000,84615389817904,846153.898179046,5404958496.0
2018-08-17 00:00:00+00:00,XBTUSD,6266.5,6483.0,6206.0,6305.5,786267,3766769335,6348.4002,2000,59336351404994,593363.5140499417,3766769335.0
2018-08-18 00:00:00+00:00,XBTUSD,6305.5,6589.0,6285.0,6578.5,793416,3534214700,6468.7237,30,54638577851347,546385.7785134905,3534214700.0
2018-08-19 00:00:00+00:00,XBTUSD,6578.5,6617.0,6280.0,6394.0,586461,2440423115,6430.8682,200,37949394781565,379493.9478156522,2440423115.0
2018-08-20 00:00:00+00:00,XBTUSD,6394.0,6562.0,6305.5,6487.0,532554,2283077876,6416.0144,40,35585539309446,355855.3930944649,2283077876.0
2018-08-21 00:00:00+00:00,XBTUSD,6487.0,6523.0,6210.0,6253.5,604043,2948442122,6404.0986,12,46042235631491,460422.3563149193,2948442122.0
2018-08-22 00:00:00+00:00,XBTUSD,6253.5,6503.0,6231.5,6467.0,625673,2929312061,6400.4096,10000,45769432036510,457694.32036511385,2929312061.0
2018-08-23 00:00:00+00:00,XBTUSD,6467.0,7148.0,6231.5,6352.0,713159,4117998981,6533.8125,90,63030011899783,630300.1189978304,4117998981.0
2018-08-24 00:00:00+00:00,XBTUSD,6352.0,6578.0,6339.0,6521.0,534074,2262714475,6437.491999999998,3333,35149613018307,351496.1301830788,2262714475.0
2018-08-25 00:00:00+00:00,XBTUSD,6521.0,6736.0,6435.0,6685.5,616780,2556547595,6565.1261,100,38943615800725,389436.1580072496,2556547595.0
2018-08-26 00:00:00+00:00,XBTUSD,6685.5,6797.5,6665.5,6727.5,545815,2157660895,6718.624,1000,32114704363901,321147.0436390144,2157660895.0
2018-08-27 00:00:00+00:00,XBTUSD,6727.5,6779.5,6570.5,6701.5,577091,2457480015,6665.7779,3000,36867515219964,368675.1521996432,2457480015.0
2018-08-28 00:00:00+00:00,XBTUSD,6701.5,6973.0,6645.5,6906.0,529297,2481684071,6735.8211,4,36843454832985,368434.5483298547,2481684071.0
2018-08-29 00:00:00+00:00,XBTUSD,6906.0,7133.0,6862.0,7076.5,680514,3353816462,7007.7085,500,47861160374382,478611.6037438252,3353816462.0
2018-08-30 00:00:00+00:00,XBTUSD,7076.5,7120.0,6870.0,7032.5,603664,2782958037,7037.2977,5000,39548065783918,395480.6578391828,2782958037.0
2018-08-31 00:00:00+00:00,XBTUSD,7032.5,7055.5,6782.5,6977.0,749559,3729305115,6913.2389,800,53946503399623,539465.0339962301,3729305115.0
2018-09-01 00:00:00+00:00,XBTUSD,6977.0,7087.0,6880.0,7017.0,671836,2937116125,6982.265,2343,42068160294474,420681.60294474225,2937116125.0
2018-09-02 00:00:00+00:00,XBTUSD,7017.0,7298.0,7016.0,7196.5,591377,2539940934,7137.7587,250,35585722189129,355857.22189128835,2539940934.0
2018-09-03 00:00:00+00:00,XBTUSD,7196.5,7350.0,7138.0,7295.0,788544,3429838907,7247.4272,1200,47326556180933,473265.56180932466,3429838907.0
2018-09-04 00:00:00+00:00,XBTUSD,7295.0,7349.5,7180.0,7259.5,612370,2589505781,7261.1095,2000,35663679338502,356636.79338501784,2589505781.0
2018-09-05 00:00:00+00:00,XBTUSD,7259.5,7440.0,7235.5,7355.0,526550,2638019686,7332.4534,4869,35979607332861,359796.0733286109,2638019686.0
2018-09-06 00:00:00+00:00,XBTUSD,7355.0,7387.0,6633.5,6689.0,769064,4657038172,7012.1309999999985,4000,66417515193220,664175.1519321982,4657038172.0
2018-09-07 00:00:00+00:00,XBTUSD,6689.0,6709.0,6181.0,6487.0,897103,4459083786,6414.3682,80,69521067658161,695210.6765816164,4459083786.0
2018-09-08 00:00:00+00:00,XBTUSD,6487.0,6523.0,6323.5,6398.0,738884,2831018719,6427.5614,6,44045760649471,440457.6064947179,2831018719.0
2018-09-09 00:00:00+00:00,XBTUSD,6398.0,6468.0,6100.0,6180.5,605433,2169153899,6303.5804,5400,34413197867872,344131.97867871914,2169153899.0
2018-09-10 00:00:00+00:00,XBTUSD,6180.5,6483.5,6140.0,6240.0,471979,1849595765,6305.1702,1000,29336259068217,293362.59068216925,1849595765.0
2018-09-11 00:00:00+00:00,XBTUSD,6240.0,6385.0,6223.0,6300.0,510657,1952781855,6282.9857,1500,31081878978879,310818.7897887889,1952781855.0
2018-09-12 00:00:00+00:00,XBTUSD,6300.0,6434.5,6140.0,6278.5,553513,2208501033,6280.618,5320,35163899855431,351638.99855430675,2208501033.0
2018-09-13 00:00:00+00:00,XBTUSD,6278.5,6345.5,6181.0,6322.0,512266,1947768858,6262.9173,3000,31101421805517,311014.21805516403,1947768858.0
2018-09-14 00:00:00+00:00,XBTUSD,6322.0,6530.0,6321.5,6487.5,606832,2595041422,6439.5647,500,40299676656112,402996.76656112773,2595041422.0
2018-09-15 00:00:00+00:00,XBTUSD,6487.5,6585.0,6350.0,6478.0,629204,2451976268,6492.6633,17385,37766635032306,377666.3503230694,2451976268.0
2018-09-16 00:00:00+00:00,XBTUSD,6478.0,6568.0,6463.5,6515.5,403201,1215015008,6516.7807,130,18645247787636,186452.477876359,1215015008.0
2018-09-17 00:00:00+00:00,XBTUSD,6515.5,6516.5,6330.5,6493.0,379767,1285741467,6466.214,50,19884320030985,198843.20030985322,1285741467.0
2018-09-18 00:00:00+00:00,XBTUSD,6493.0,6528.5,6201.0,6247.0,616901,2605439205,6356.4709,988,40989782593646,409897.82593646325,2605439205.0
2018-09-19 00:00:00+00:00,XBTUSD,6247.0,6380.5,6226.5,6328.5,435897,1771973276,6306.7608,40,28097542545478,280975.4254547788,1771973276.0
2018-09-20 00:00:00+00:00,XBTUSD,6328.5,6580.0,6066.0,6384.5,612775,2821848926,6319.1153,600,44658160734800,446581.60734800354,2821848926.0
2018-09-21 00:00:00+00:00,XBTUSD,6384.5,6520.0,6336.5,6482.0,460691,1616025470,6418.0733,250,25180298395242,251802.98395242245,1616025470.0
2018-09-22 00:00:00+00:00,XBTUSD,6482.0,6778.0,6481.5,6746.5,580186,2536239642,6668.4449,1000,38035331368919,380353.3136891942,2536239642.0
2018-09-23 00:00:00+00:00,XBTUSD,6746.5,6830.0,6626.0,6709.0,485045,1610847589,6707.8079,10,24015760824312,240157.6082431232,1610847589.0
2018-09-24 00:00:00+00:00,XBTUSD,6709.0,6779.0,6653.0,6703.0,323190,1017080580,6706.4583,2600,15166289806546,151662.8980654601,1017080580.0
2018-09-25 00:00:00+00:00,XBTUSD,6703.0,6720.0,6555.0,6578.5,451853,1650008148,6624.2713,30,24909031901629,249090.3190162916,1650008148.0
2018-09-26 00:00:00+00:00,XBTUSD,6578.5,6578.5,6311.5,6429.0,725064,2725467770,6416.8378,1000,42473965345044,424739.65345044853,2725467770.0
2018-09-27 00:00:00+00:00,XBTUSD,6429.0,6540.0,6377.0,6452.5,483581,1803487065,6469.1422,22222,27879719363351,278797.1936335133,1803487065.0
2018-09-28 00:00:00+00:00,XBTUSD,6452.5,6759.0,6435.0,6685.5,535683,1928470339,6551.7919,2256,29435962383062,294359.6238306216,1928470339.0
2018-09-29 00:00:00+00:00,XBTUSD,6685.5,6789.0,6521.0,6620.0,695857,2927994334,6655.574000000001,100,43994795302781,439947.9530278107,2927994334.0
2018-09-30 00:00:00+00:00,XBTUSD,6620.0,6620.5,6438.0,6581.5,532188,1716887274,6538.0843,41,26260442565773,262604.4256577322,1716887274.0
2018-10-01 00:00:00+00:00,XBTUSD,6581.5,6642.5,6515.0,6598.5,400125,1193407992,6586.3136,140,18119628748083,181196.2874808297,1193407992.0
2018-10-02 00:00:00+00:00,XBTUSD,6598.5,6636.0,6466.0,6571.0,474521,1637337327,6568.5759,730,24927755970480,249277.5597048011,1637337327.0
2018-10-03 00:00:00+00:00,XBTUSD,6571.0,6590.0,6444.5,6502.5,395097,1402030836,6531.252,3000,21466966015185,214669.6601518516,1402030836.0
2018-10-04 00:00:00+00:00,XBTUSD,6502.5,6509.5,6394.0,6465.0,427062,1540804688,6451.1967,200,23885196776443,238851.96776443685,1540804688.0
2018-10-05 00:00:00+00:00,XBTUSD,6465.0,6620.0,6459.0,6553.0,392663,1667871595,6554.7981,600,25445149350567,254451.49350567066,1667871595.0
2018-10-06 00:00:00+00:00,XBTUSD,6553.0,6658.5,6522.0,6582.0,290820,1156201039,6561.6798,3333,17621561342818,176215.61342818046,1156201039.0
2018-10-07 00:00:00+00:00,XBTUSD,6582.0,6592.5,6531.5,6552.0,171516,578198553,6556.0873,147791,8819539724187,88195.39724187064,578198553.0
2018-10-08 00:00:00+00:00,XBTUSD,6552.0,6599.0,6488.0,6571.0,173663,683158128,6536.8022,20000,10451583143505,104515.83143505052,683158128.0
2018-10-09 00:00:00+00:00,XBTUSD,6571.0,6669.0,6550.5,6607.5,277666,1256335274,6602.8392,404,19028321401387,190283.21401387095,1256335274.0
2018-10-10 00:00:00+00:00,XBTUSD,6607.5,6614.5,6563.0,6591.0,190827,772207701,6589.7858,1000,11718338307362,117183.38307361965,772207701.0
2018-10-11 00:00:00+00:00,XBTUSD,6591.0,6591.5,6452.0,6530.0,349520,1500208025,6516.3561,409,23022777264899,230227.77264899155,1500208025.0
2018-10-12 00:00:00+00:00,XBTUSD,6530.0,6530.5,6005.0,6154.5,728621,3393156568,6218.9055,44444,54564284275705,545642.8427570501,3393156568.0
2018-10-13 00:00:00+00:00,XBTUSD,6154.5,6233.5,6100.0,6182.5,306925,1140618977,6190.8005,8258,18424744091520,184247.44091519728,1140618977.0
2018-10-14 00:00:00+00:00,XBTUSD,6182.5,6212.5,6166.0,6193.5,170426,565325381,6193.1009,24738,9128379623162,91283.79623162012,565325381.0
2018-10-15 00:00:00+00:00,XBTUSD,6193.5,6300.0,6142.0,6181.5,269437,1003003304,6220.0659,2000,16125524853066,161255.24853066026,1003003304.0
2018-10-16 00:00:00+00:00,XBTUSD,6181.5,6818.0,6147.0,6436.5,730360,3808169212,6437.9064,100,59155715431772,591557.1543177259,3808169212.0
2018-10-17 00:00:00+00:00,XBTUSD,6436.5,6497.5,6383.0,6456.0,348539,1347675108,6440.3942,3516,20925390764354,209253.90764354312,1347675108.0
2018-10-18 00:00:00+00:00,XBTUSD,6456.0,6458.0,6409.0,6438.5,188610,710975400,6435.8347,7308,11047780578480,110477.8057848006,710975400.0
2018-10-19 00:00:00+00:00,XBTUSD,6438.5,6488.0,6350.0,6394.5,271298,1113414516,6418.8972,2000,17346231383285,173462.31383285118,1113414516.0
2018-10-20 00:00:00+00:00,XBTUSD,6394.5,6405.0,6366.0,6384.0,163421,620702624,6383.6578,1,9723922317642,97239.22317641912,620702624.0
2018-10-21 00:00:00+00:00,XBTUSD,6384.0,6425.0,6367.0,6407.5,131730,468491105,6398.361999999999,10000,7322281527526,73222.8152752605,468491105.0
2018-10-22 00:00:00+00:00,XBTUSD,6407.5,6465.0,6405.5,6413.0,150491,604132354,6432.5228,2000,9392222347776,93922.22347775905,604132354.0
2018-10-23 00:00:00+00:00,XBTUSD,6413.0,6426.0,6369.0,6412.5,159884,687226047,6403.6885,1800,10731795771856,107317.95771856014,687226047.0
2018-10-24 00:00:00+00:00,XBTUSD,6412.5,6415.5,6360.0,6395.0,151762,651666576,6392.2271,3000,10194996657447,101949.96657447037,651666576.0
2018-10-25 00:00:00+00:00,XBTUSD,6395.0,6490.0,6394.5,6412.5,180644,835272558,6429.6277,400,12991542360949,129915.42360949176,835272558.0
2018-10-26 00:00:00+00:00,XBTUSD,6412.5,6419.0,6368.0,6393.5,167331,755916346,6399.1809,500,11813190854758,118131.90854758045,755916346.0
2018-10-27 00:00:00+00:00,XBTUSD,6393.5,6468.0,6386.5,6406.5,169611,773455031,6411.0783,2000,12064619635323,120646.19635323055,773455031.0
2018-10-28 00:00:00+00:00,XBTUSD,6406.5,6419.0,6395.5,6407.0,82897,320256569,6407.3813,400,4998557503225,49985.575032250264,320256569.0
2018-10-29 00:00:00+00:00,XBTUSD,6407.0,6449.0,6382.5,6408.0,84214,382180051,6406.9708,300,5965329527763,59653.29527762992,382180051.0
2018-10-30 00:00:00+00:00,XBTUSD,6408.0,6415.5,6209.0,6266.5,296227,1481206621,6306.7608,100,23486662083331,234866.62083330745,1481206621.0
2018-10-31 00:00:00+00:00,XBTUSD,6266.5,6294.0,6255.0,6272.0,189760,621247379,6271.9518,3854,9905408838000,99054.0883800004,621247379.0
2018-11-01 00:00:00+00:00,XBTUSD,6272.0,6345.0,6210.0,6307.0,230311,1038552067,6281.406999999998,50,16533874319910,165338.74319909856,1038552067.0
2018-11-02 00:00:00+00:00,XBTUSD,6307.0,6370.0,6302.0,6337.0,138281,527664071,6324.3107,130000,8343917750606,83439.17750605957,527664071.0
2018-11-03 00:00:00+00:00,XBTUSD,6337.0,6387.0,6328.0,6346.0,224672,779817385,6355.6629,200,12270101175998,122701.01175997972,779817385.0
2018-11-04 00:00:00+00:00,XBTUSD,6346.0,6348.5,6316.5,6332.5,127323,418518243,6333.9245,2500,6607693978346,66076.93978346023,418518243.0
2018-11-05 00:00:00+00:00,XBTUSD,6332.5,6471.0,6322.5,6427.5,308440,1079190784,6395.9066,99,16874083856456,168740.83856456238,1079190784.0
2018-11-06 00:00:00+00:00,XBTUSD,6427.5,6445.5,6380.0,6404.0,213324,680611418,6409.8455,150,10618477984225,106184.77984225002,680611418.0
2018-11-07 00:00:00+00:00,XBTUSD,6404.0,6460.0,6387.0,6450.5,257975,1009689725,6422.6076,93,15721058636206,157210.58636206522,1009689725.0
2018-11-08 00:00:00+00:00,XBTUSD,6450.5,6568.0,6434.5,6510.5,299374,1199489873,6511.6885,5,18420917274666,184209.17274666048,1199489873.0
2018-11-09 00:00:00+00:00,XBTUSD,6510.5,6524.0,6372.5,6414.0,346653,1340385486,6447.8690000000015,1500,20788302975643,207883.0297564327,1340385486.0
2018-11-10 00:00:00+00:00,XBTUSD,6414.0,6420.5,6310.0,6338.5,359099,1238135158,6363.3471,1,19458522621854,194585.22621853885,1238135158.0
2018-11-11 00:00:00+00:00,XBTUSD,6338.5,6379.0,6334.5,6353.5,212605,463914785,6359.3005,1600,7295490345890,72954.90345889995,463914785.0
2018-11-12 00:00:00+00:00,XBTUSD,6353.5,6380.0,6260.0,6361.0,260624,769461393,6330.7166,14829,12154522411716,121545.22411716064,769461393.0
2018-11-13 00:00:00+00:00,XBTUSD,6361.0,6406.0,6305.5,6337.5,299133,976781774,6355.259,433,15370251570733,153702.51570732947,976781774.0
2018-11-14 00:00:00+00:00,XBTUSD,6337.5,6338.0,6235.0,6249.0,397844,1366233784,6288.1217,100,21727413809772,217274.1380977197,1366233784.0
2018-11-15 00:00:00+00:00,XBTUSD,6249.0,6296.0,5231.0,5586.0,874651,5165120528,5723.1157,1500,90252102225469,902521.0222546834,5165120528.0
2018-11-16 00:00:00+00:00,XBTUSD,5586.0,5639.5,5181.0,5581.0,771473,3649588056,5462.0931,178,66819767273506,668197.6727350572,3649588056.0
2018-11-17 00:00:00+00:00,XBTUSD,5581.0,5619.0,5406.0,5511.0,447910,1716661902,5519.6777,1800,31102381448485,311023.81448485056,1716661902.0
2018-11-18 00:00:00+00:00,XBTUSD,5511.0,5557.0,5450.5,5501.5,261754,854000974,5485.1626,200,15569378409966,155693.7840996609,854000974.0
2018-11-19 00:00:00+00:00,XBTUSD,5501.5,5690.0,5501.5,5556.0,272384,935728658,5543.5445,20000,16879749870660,168797.49870660054,935728658.0
2018-11-20 00:00:00+00:00,XBTUSD,5556.0,5557.0,4665.0,4743.0,1083537,5232596594,5116.1363,1000,102279772658785,1022797.7265878364,5232596594.0
2018-11-21 00:00:00+00:00,XBTUSD,4743.0,4897.0,4010.0,4348.5,1298838,6489034529,4472.872,74,145081045747118,1450810.4574711802,6489034529.0
2018-11-22 00:00:00+00:00,XBTUSD,4348.5,4654.0,4229.0,4537.0,894690,3428477052,4446.2229,440,77111707474339,771117.0747433945,3428477052.0
2018-11-23 00:00:00+00:00,XBTUSD,4537.0,4598.0,4235.5,4266.5,578552,1921804140,4440.103,20931,43284166628999,432841.6662899834,1921804140.0
2018-11-24 00:00:00+00:00,XBTUSD,4266.5,4382.0,4068.0,4283.0,731378,2602831127,4236.3906,3000,61441083569083,614410.8356908265,2602831127.0
2018-11-25 00:00:00+00:00,XBTUSD,4283.0,4378.0,3627.0,3768.5,693348,2444429081,4009.1408,300,60972975288432,609729.7528843199,2444429081.0
2018-11-26 00:00:00+00:00,XBTUSD,3768.5,4120.0,3430.0,3930.5,1047833,3937118449,3755.0223,30,104849595020235,1048495.950202337,3937118449.0
2018-11-27 00:00:00+00:00,XBTUSD,3930.5,4080.0,3492.0,3724.5,1023319,3724730922,3794.0585,5,98175729696601,981757.2969660149,3724730922.0
2018-11-28 00:00:00+00:00,XBTUSD,3724.5,3837.0,3563.5,3769.0,845477,2530263160,3698.4984,40,68414816513838,684148.1651383793,2530263160.0
2018-11-29 00:00:00+00:00,XBTUSD,3769.0,4357.0,3768.5,4219.0,904813,3147203385,4077.6382,5,77184215110585,771842.1511058487,3147203385.0
2018-11-30 00:00:00+00:00,XBTUSD,4219.0,4423.0,4085.0,4242.0,826778,2592414278,4233.3418,180,61239049808624,612390.4980862386,2592414278.0
2018-12-01 00:00:00+00:00,XBTUSD,4242.0,4299.0,3860.0,3972.0,840447,2584621533,4043.5081,50,63921599643586,639215.9964358625,2584621533.0
2018-12-02 00:00:00+00:00,XBTUSD,3972.0,4266.0,3903.5,4136.5,632104,1640007226,4101.891,1000,39983125947592,399831.25947591977,1640007226.0
2018-12-03 00:00:00+00:00,XBTUSD,4136.5,4270.0,4025.0,4096.5,722065,1787717143,4117.7682,802,43416019532672,434160.19532671827,1787717143.0
2018-12-04 00:00:00+00:00,XBTUSD,4096.5,4118.5,3729.5,3829.5,688781,1946677836,3913.4348,1500,49744563325894,497445.63325893827,1946677836.0
2018-12-05 00:00:00+00:00,XBTUSD,3829.5,4042.0,3730.0,3902.0,682926,1935438543,3903.6577,1376,49581257833882,495812.57833882346,1935438543.0
2018-12-06 00:00:00+00:00,XBTUSD,3902.0,3917.0,3655.0,3695.5,645111,1775227694,3785.4412,2500,46896349998016,468963.4999801585,1775227694.0
2018-12-07 00:00:00+00:00,XBTUSD,3695.5,3843.0,3400.0,3430.5,837242,2752500328,3661.7965,109,75170092640821,751700.926408194,2752500328.0
2018-12-08 00:00:00+00:00,XBTUSD,3430.5,3542.0,3200.0,3369.0,871605,2747024120,3352.7795,100,81934764952542,819347.6495254228,2747024120.0
2018-12-09 00:00:00+00:00,XBTUSD,3369.0,3500.0,3246.0,3397.0,592809,1640637903,3379.1775,1360,48551767514502,485517.6751450258,1640637903.0
2018-12-10 00:00:00+00:00,XBTUSD,3397.0,3630.0,3370.5,3526.5,522333,1456049836,3493.5718,100,41678498355584,416784.9835558376,1456049836.0
2018-12-11 00:00:00+00:00,XBTUSD,3526.5,3596.0,3350.0,3406.0,590404,1601488752,3456.3805,1000,46334633467138,463346.33467138396,1601488752.0
2018-12-12 00:00:00+00:00,XBTUSD,3406.0,3422.0,3281.5,3344.0,477803,1214572434,3356.7185,129,36183962778256,361839.6277825628,1214572434.0
2018-12-13 00:00:00+00:00,XBTUSD,3344.0,3493.5,3321.5,3431.5,463432,1211426170,3407.0389,100,35557621286968,355576.2128696801,1211426170.0
2018-12-14 00:00:00+00:00,XBTUSD,3431.5,3439.0,3217.5,3257.5,536938,1424966157,3337.7837,1,42692807479768,426928.07479768345,1424966157.0
2018-12-15 00:00:00+00:00,XBTUSD,3257.5,3300.0,3134.5,3193.0,551929,1536196893,3219.9897,300,47709087012889,477090.8701288944,1536196893.0
2018-12-16 00:00:00+00:00,XBTUSD,3193.0,3226.0,3121.0,3183.0,411982,1009582711,3169.4716,1200,31854344120220,318543.4412022006,1009582711.0
2018-12-17 00:00:00+00:00,XBTUSD,3183.0,3260.0,3177.0,3189.5,363385,1025712865,3218.6424,657,31868318855483,318683.18855483853,1025712865.0
2018-12-18 00:00:00+00:00,XBTUSD,3189.5,3590.0,3178.0,3495.5,667794,2156458993,3391.325,3600,63587698791253,635876.987912531,2156458993.0
2018-12-19 00:00:00+00:00,XBTUSD,3495.5,3690.0,3435.0,3665.0,680845,2155901030,3525.0987,1000,61160244400166,611602.4440016432,2155901030.0
2018-12-20 00:00:00+00:00,XBTUSD,3665.0,3916.5,3641.0,3680.0,971590,3567541648,3756.9974,50,94957833750487,949578.3375048672,3567541648.0
2018-12-21 00:00:00+00:00,XBTUSD,3680.0,4174.0,3654.5,4069.0,1091164,3971091014,3966.2079,8143,100126560728984,1001265.6072898528,3971091014.0
2018-12-22 00:00:00+00:00,XBTUSD,4069.0,4168.0,3770.0,3841.0,937636,3040224454,3976.1431,75,76462581308344,764625.8130834439,3040224454.0
2018-12-23 00:00:00+00:00,XBTUSD,3841.0,4007.0,3783.5,3981.0,660164,1679000836,3863.8383,100,43455211250626,434552.1125062682,1679000836.0
2018-12-24 00:00:00+00:00,XBTUSD,3981.0,4055.0,3903.0,3944.0,603281,1492831124,3976.9338,1500,37537559799115,375375.59799116827,1492831124.0
2018-12-25 00:00:00+00:00,XBTUSD,3944.0,4241.0,3943.5,4033.5,690820,2193196042,4120.6527,50,53226443261776,532264.4326177579,2193196042.0
2018-12-26 00:00:00+00:00,XBTUSD,4033.5,4043.0,3670.5,3777.0,734337,1991914841,3776.8629,3000,52740786222197,527407.8622219763,1991914841.0
2018-12-27 00:00:00+00:00,XBTUSD,3777.0,3868.0,3683.0,3806.5,558764,1419107616,3775.2945,50,37590050151279,375900.5015127929,1419107616.0
2018-12-28 00:00:00+00:00,XBTUSD,3806.5,3842.0,3565.0,3588.0,525825,1386767145,3696.0378,204,37521311082631,375213.11082630354,1386767145.0
2018-12-29 00:00:00+00:00,XBTUSD,3588.0,3960.0,3568.0,3889.5,508960,1542324018,3758.8333,1127,41033369502369,410333.6950236896,1542324018.0
2018-12-30 00:00:00+00:00,XBTUSD,3889.5,3944.0,3650.0,3712.0,495519,1267439193,3857.4294,198,32857096094950,328570.96094950306,1267439193.0
2018-12-31 00:00:00+00:00,XBTUSD,3712.0,3898.5,3671.0,3830.5,490629,1225535573,3788.8834,2314,32345642456382,323456.4245638166,1225535573.0
2019-01-01 00:00:00+00:00,XBTUSD,3830.5,3839.5,3615.0,3693.0,396937,976475574,3751.2191,20,26031220478546,260312.2047854584,976475574.0
2019-01-02 00:00:00+00:00,XBTUSD,3693.0,3870.0,3630.5,3824.0,371073,902868031,3716.0907,1,24296734130461,242967.3413046089,902868031.0
2019-01-03 00:00:00+00:00,XBTUSD,3824.0,3918.0,3762.0,3888.0,438813,1074586398,3831.8581,100,28044322813267,280443.2281326698,1074586398.0
2019-01-04 00:00:00+00:00,XBTUSD,3888.0,3891.0,3748.0,3784.0,337955,880837736,3822.4839,153154,23044017605082,230440.17605081497,880837736.0
2019-01-05 00:00:00+00:00,XBTUSD,3784.0,3850.0,3721.5,3817.0,384093,907202598,3784.5816,157,23971110291019,239711.1029101891,907202598.0
2019-01-06 00:00:00+00:00,XBTUSD,3817.0,3879.0,3767.0,3794.5,330966,742213108,3829.2169,3415,19383028406738,193830.2840673816,742213108.0
2019-01-07 00:00:00+00:00,XBTUSD,3794.5,4082.0,3750.0,4039.0,397080,1072137901,3924.8008,1,27317925221258,273179.25221258705,1072137901.0
2019-01-08 00:00:00+00:00,XBTUSD,4039.0,4074.0,3970.0,4005.0,374816,950704483,4018.0006,1000,23661494641091,236614.9464109094,950704483.0
2019-01-09 00:00:00+00:00,XBTUSD,4005.0,4130.0,3937.0,3995.5,444247,1297065278,4015.5805,22,32301051015127,323010.5101512721,1297065278.0
2019-01-10 00:00:00+00:00,XBTUSD,3995.5,4045.0,3959.5,4001.0,351463,900335908,4007.6948,4075,22465408495369,224654.0849536913,900335908.0
2019-01-11 00:00:00+00:00,XBTUSD,4001.0,4036.0,3512.0,3622.0,507130,1648035760,3756.574,36,43871767696774,438717.6769677314,1648035760.0
2019-01-12 00:00:00+00:00,XBTUSD,3622.0,3698.0,3561.5,3631.5,367507,1011606061,3632.401,1000,27850479943797,278504.7994379667,1011606061.0
2019-01-13 00:00:00+00:00,XBTUSD,3631.5,3652.0,3550.0,3613.0,231951,545041398,3620.6959,1000,15053542735028,150535.42735028028,545041398.0
2019-01-14 00:00:00+00:00,XBTUSD,3613.0,3638.0,3479.0,3513.0,293419,800495107,3553.4077,30,22527895968233,225278.95968233127,800495107.0
2019-01-15 00:00:00+00:00,XBTUSD,3513.0,3718.0,3506.5,3663.0,320893,938603871,3603.3439,50000,26048808189542,260488.08189541945,938603871.0
2019-01-16 00:00:00+00:00,XBTUSD,3663.0,3684.0,3535.0,3574.5,280657,822695898,3626.6048,5,22685749638518,226857.49638517984,822695898.0
2019-01-17 00:00:00+00:00,XBTUSD,3574.5,3664.0,3568.0,3607.5,327169,860220650,3605.6826,101,23857793258862,238577.93258862055,860220650.0
2019-01-18 00:00:00+00:00,XBTUSD,3607.5,3660.0,3540.0,3637.0,349137,943447538,3603.4737,100,26182241328723,261822.4132872297,943447538.0
2019-01-19 00:00:00+00:00,XBTUSD,3637.0,3639.5,3571.5,3606.0,239106,656428321,3610.6297,335,18180654048438,181806.5404843806,656428321.0
2019-01-20 00:00:00+00:00,XBTUSD,3606.0,3784.5,3605.0,3681.5,259942,745711298,3694.3993,1500,20185572501781,201855.72501780718,745711298.0
2019-01-21 00:00:00+00:00,XBTUSD,3681.5,3700.0,3450.0,3535.0,321705,1016540362,3570.281,3000,28472309422937,284723.0942293706,1016540362.0
2019-01-22 00:00:00+00:00,XBTUSD,3535.0,3575.0,3474.5,3529.5,265130,763124348,3531.8217,100,21607110332090,216071.10332089773,763124348.0
2019-01-23 00:00:00+00:00,XBTUSD,3529.5,3608.5,3405.0,3578.0,361613,1148206703,3541.4527,100,32422807612918,324228.0761291822,1148206703.0
2019-01-24 00:00:00+00:00,XBTUSD,3578.0,3617.5,3522.0,3551.0,299529,904277332,3563.9189,150,25373905080413,253739.05080413012,904277332.0
2019-01-25 00:00:00+00:00,XBTUSD,3551.0,3590.0,3526.5,3568.0,244113,721324540,3555.5556,2000,20287648883228,202876.48883228048,721324540.0
2019-01-26 00:00:00+00:00,XBTUSD,3568.0,3577.0,3501.0,3560.5,272077,770190679,3548.742,176,21703706472172,217037.0647217164,770190679.0
2019-01-27 00:00:00+00:00,XBTUSD,3560.5,3672.5,3530.0,3554.5,276327,824768395,3583.844,7639,23014011753270,230140.1175327005,824768395.0
2019-01-28 00:00:00+00:00,XBTUSD,3554.5,3558.5,3462.5,3527.5,293649,791531675,3533.0695,400,22403954348123,224039.5434812281,791531675.0
2019-01-29 00:00:00+00:00,XBTUSD,3527.5,3530.0,3370.0,3428.0,497594,1600983915,3436.5442,252,46588268479855,465882.68479855615,1600983915.0
2019-01-30 00:00:00+00:00,XBTUSD,3428.0,3435.5,3343.0,3391.0,355028,995168687,3391.21,440,29346488632452,293464.8863245191,995168687.0
2019-01-31 00:00:00+00:00,XBTUSD,3391.0,3460.0,3372.5,3434.0,307949,930964392,3422.6649,576,27200621635700,272006.2163569991,930964392.0
2019-02-01 00:00:00+00:00,XBTUSD,3434.0,3473.0,3392.5,3413.5,247823,743028351,3422.3135,95,21711862818505,217118.62818504946,743028351.0
2019-02-02 00:00:00+00:00,XBTUSD,3413.5,3460.0,3374.5,3435.5,272999,879858333,3417.1679,677,25748917671149,257489.1767114876,879858333.0
2019-02-03 00:00:00+00:00,XBTUSD,3435.5,3484.5,3414.0,3464.0,230136,728919652,3436.8985,1,21208860147809,212088.6014780893,728919652.0
2019-02-04 00:00:00+00:00,XBTUSD,3464.0,3470.5,3382.5,3414.0,259642,763280076,3420.6746,500,22314005251472,223140.05251472065,763280076.0
2019-02-05 00:00:00+00:00,XBTUSD,3414.0,3435.0,3394.0,3406.5,189252,554983495,3412.387,8466,16263840219255,162638.40219254955,554983495.0
2019-02-06 00:00:00+00:00,XBTUSD,3406.5,3430.0,3396.0,3428.5,137383,435570729,3416.5841,700,12748933056308,127489.33056307911,435570729.0
2019-02-07 00:00:00+00:00,XBTUSD,3428.5,3446.0,3330.0,3365.5,273584,929931861,3375.2996,11,27551904382618,275519.04382618127,929931861.0
2019-02-08 00:00:00+00:00,XBTUSD,3365.5,3378.5,3350.5,3357.0,111898,333273271,3364.6243,15,9905245205374,99052.45205374106,333273271.0
2019-02-09 00:00:00+00:00,XBTUSD,3357.0,3728.0,3341.0,3626.0,449282,1755549256,3497.7265,1,50192100965241,501921.009652409,1755549256.0
2019-02-10 00:00:00+00:00,XBTUSD,3626.0,3642.5,3595.0,3626.0,252629,664676512,3618.5996,300,18368990801301,183689.90801301095,664676512.0
2019-02-11 00:00:00+00:00,XBTUSD,3626.0,3660.0,3575.0,3648.0,255044,732314688,3612.9778,1000,20269511364218,202695.11364217827,732314688.0
2019-02-12 00:00:00+00:00,XBTUSD,3648.0,3652.5,3575.5,3591.0,258729,744728832,3599.1938,11,20692122567368,206921.2256736801,744728832.0
2019-02-13 00:00:00+00:00,XBTUSD,3591.0,3618.0,3550.0,3587.5,296363,870328982,3580.3795,11,24308957214128,243089.57214128692,870328982.0
2019-02-14 00:00:00+00:00,XBTUSD,3587.5,3632.0,3562.5,3577.0,254465,649214457,3585.6431,11,18106385373233,181063.85373233672,649214457.0
2019-02-15 00:00:00+00:00,XBTUSD,3577.0,3590.0,3533.0,3560.0,215929,591406772,3567.7334,27328,16576757342436,165767.57342436287,591406772.0
2019-02-16 00:00:00+00:00,XBTUSD,3560.0,3615.0,3536.5,3565.0,223048,728403854,3573.4706,1165,20384265997666,203842.6599766597,728403854.0
2019-02-17 00:00:00+00:00,XBTUSD,3565.0,3609.5,3564.0,3579.5,222919,627259315,3587.7014,1500,17483617340342,174836.1734034206,627259315.0
2019-02-18 00:00:00+00:00,XBTUSD,3579.5,3680.0,3553.0,3623.5,301529,1019233948,3595.6995,2,28346683129471,283466.83129471244,1019233948.0
2019-02-19 00:00:00+00:00,XBTUSD,3623.5,3919.0,3615.0,3867.5,723335,2873418963,3757.2797,100,76477878758221,764778.7875822079,2873418963.0
2019-02-20 00:00:00+00:00,XBTUSD,3867.5,3972.0,3838.0,3888.0,593891,2058087199,3908.0819,100,52663846337858,526638.4633785835,2058087199.0
2019-02-21 00:00:00+00:00,XBTUSD,3888.0,3958.0,3868.5,3938.5,407966,1248217490,3913.4348,10000,31896494968502,318964.9496850171,1248217490.0
2019-02-22 00:00:00+00:00,XBTUSD,3938.5,3995.0,3863.0,3897.5,360599,1211912456,3913.588,801,30967156440571,309671.5644057064,1211912456.0
2019-02-23 00:00:00+00:00,XBTUSD,3897.5,3957.0,3886.5,3938.5,313623,1028224433,3924.8008,2000,26198484716298,261984.847162979,1028224433.0
2019-02-24 00:00:00+00:00,XBTUSD,3938.5,4157.5,3906.5,4111.5,451305,1754842139,4027.224,900,43574714214860,435747.1421485961,1754842139.0
2019-02-25 00:00:00+00:00,XBTUSD,4111.5,4190.0,3702.0,3733.5,573072,2458966881,3925.5712,15,62641383230155,626413.832301552,2458966881.0
2019-02-26 00:00:00+00:00,XBTUSD,3733.5,3854.5,3730.0,3818.0,371871,1181271511,3794.9224,5000,31127918103555,311279.1810355468,1181271511.0
2019-02-27 00:00:00+00:00,XBTUSD,3818.0,3826.0,3750.0,3797.0,296863,868952398,3793.3389,11,22908116290794,229081.1629079409,868952398.0
2019-02-28 00:00:00+00:00,XBTUSD,3797.0,3821.5,3640.0,3798.0,335376,1160849783,3772.3037,53405,30773751227459,307737.5122745908,1160849783.0
2019-03-01 00:00:00+00:00,XBTUSD,3798.0,3895.0,3741.0,3788.0,351075,1171406068,3814.1735,100,30712889886178,307128.8988617812,1171406068.0
2019-03-02 00:00:00+00:00,XBTUSD,3788.0,3839.0,3784.5,3802.0,236597,565492632,3814.319,2768,14825863879265,148258.6387926505,565492632.0
2019-03-03 00:00:00+00:00,XBTUSD,3802.0,3819.0,3754.0,3808.0,200171,540450028,3798.0934,1,14229867417878,142298.67417878134,540450028.0
2019-03-04 00:00:00+00:00,XBTUSD,3808.0,3816.5,3757.0,3785.5,206163,504059676,3794.4904,150,13284210134111,132842.10134111007,504059676.0
2019-03-05 00:00:00+00:00,XBTUSD,3785.5,3804.5,3669.0,3698.5,342008,1237930792,3720.0997,10,33277905163143,332779.05163143034,1237930792.0
2019-03-06 00:00:00+00:00,XBTUSD,3698.5,3880.0,3691.0,3846.5,366164,1424807550,3789.6013,390,37598518320860,375985.18320859625,1424807550.0
2019-03-07 00:00:00+00:00,XBTUSD,3846.5,3901.0,3810.5,3849.0,270374,856845523,3840.6883,1761,22309976012682,223099.76012682187,856845523.0
2019-03-08 00:00:00+00:00,XBTUSD,3849.0,3889.0,3828.0,3854.0,361716,1037324028,3861.1529,1,26866092986749,268660.9298674903,1037324028.0
2019-03-09 00:00:00+00:00,XBTUSD,3854.0,3913.5,3742.5,3840.0,390762,1197247739,3861.0039,567,31009166506452,310091.6650645199,1197247739.0
2019-03-10 00:00:00+00:00,XBTUSD,3840.0,3943.0,3831.5,3916.0,390751,1263671482,3897.1161,1,32427050199170,324270.5019916991,1263671482.0
2019-03-11 00:00:00+00:00,XBTUSD,3916.0,3916.0,3860.0,3897.5,219993,583852214,3888.3272,4000,15015991202131,150159.91202131214,583852214.0
2019-03-12 00:00:00+00:00,XBTUSD,3897.5,3912.5,3806.0,3845.0,288797,943232476,3856.2394,1,24460547148302,244605.47148301863,943232476.0
2019-03-13 00:00:00+00:00,XBTUSD,3845.0,3874.0,3793.5,3857.5,270328,975781570,3838.6242,500,25420930670970,254209.3067097024,975781570.0
2019-03-14 00:00:00+00:00,XBTUSD,3857.5,3872.5,3825.0,3849.5,206907,651939565,3849.8556,50,16934241982798,169342.41982797952,651939565.0
2019-03-15 00:00:00+00:00,XBTUSD,3849.5,3906.0,3750.0,3855.0,244007,835215034,3844.2317,5067,21726628044591,217266.2804459095,835215034.0
2019-03-16 00:00:00+00:00,XBTUSD,3855.0,3903.5,3840.5,3897.0,248440,754035503,3876.7203,200,19450405694101,194504.05694101067,754035503.0
2019-03-17 00:00:00+00:00,XBTUSD,3897.0,4038.0,3896.0,3986.0,327558,1344503429,3978.3577,250,33795893297808,337958.9329780826,1344503429.0
2019-03-18 00:00:00+00:00,XBTUSD,3986.0,3987.5,3926.0,3962.0,208155,680719566,3959.2984,23250,17193386860818,171933.86860818104,680719566.0
2019-03-19 00:00:00+00:00,XBTUSD,3962.0,4014.5,3928.0,3969.0,253137,976963412,3971.8791,1782,24597106855097,245971.06855097122,976963412.0
2019-03-20 00:00:00+00:00,XBTUSD,3969.0,4012.0,3945.0,3997.0,242181,869685179,3976.3012,1,21871748482059,218717.48482058878,869685179.0
2019-03-21 00:00:00+00:00,XBTUSD,3997.0,4048.5,3952.5,4029.5,281512,1114612306,3997.7613,550,27881904245080,278819.0424507979,1114612306.0
2019-03-22 00:00:00+00:00,XBTUSD,4029.5,4067.5,3914.5,3969.0,335180,1446482112,3997.2818,8700,36187977227632,361879.7722763155,1446482112.0
2019-03-23 00:00:00+00:00,XBTUSD,3969.0,3999.0,3958.0,3981.0,175950,596252650,3979.466,1100,14983235347931,149832.35347931038,596252650.0
2019-03-24 00:00:00+00:00,XBTUSD,3981.0,3999.0,3952.0,3979.5,197811,575838849,3978.0412,2000,14475458841418,144754.58841417913,575838849.0
2019-03-25 00:00:00+00:00,XBTUSD,3979.5,3979.5,3937.0,3966.5,170608,460394105,3963.3784,1852,11616413687871,116164.13687870992,460394105.0
2019-03-26 00:00:00+00:00,XBTUSD,3966.5,3972.5,3859.5,3903.5,254896,1049445895,3921.1073,3000,26764582014100,267645.820141001,1049445895.0
2019-03-27 00:00:00+00:00,XBTUSD,3903.5,3920.0,3881.5,3915.5,185011,628735149,3902.5913,4417,16110897516311,161108.9751631103,628735149.0
2019-03-28 00:00:00+00:00,XBTUSD,3915.5,4041.0,3910.0,4025.5,316019,1339386470,3991.5379,170,33556612806533,335566.1280653313,1339386470.0
2019-03-29 00:00:00+00:00,XBTUSD,4025.5,4026.0,3991.0,4009.0,160656,563612950,4005.7683,1,14070124485231,140701.24485231072,563612950.0
2019-03-30 00:00:00+00:00,XBTUSD,4009.0,4097.5,4002.0,4086.0,372006,1564265726,4052.6849,10000,38598718781018,385987.1878101773,1564265726.0
2019-03-31 00:00:00+00:00,XBTUSD,4086.0,4129.0,4021.0,4088.0,301605,1050240961,4083.1326,98,25722228767324,257222.28767323878,1050240961.0
2019-04-01 00:00:00+00:00,XBTUSD,4088.0,4098.0,4074.0,4091.0,146215,404465604,4085.9688,2000,9899117644320,98991.1764432002,404465604.0
2019-04-02 00:00:00+00:00,XBTUSD,4091.0,4144.5,4036.5,4132.5,311424,1194734770,4117.5986,500,29016000275535,290160.0027553528,1194734770.0
2019-04-03 00:00:00+00:00,XBTUSD,4132.5,5144.5,4128.5,4897.5,875401,4877433560,4681.8671,17500,104177772224394,1041777.7222439336,4877433560.0
2019-04-04 00:00:00+00:00,XBTUSD,4897.5,5348.5,4783.0,4979.0,977917,5191879310,5052.5465,20,102760800090280,1027608.0009028177,5191879310.0
2019-04-05 00:00:00+00:00,XBTUSD,4979.0,5085.5,4780.0,4910.0,709145,3228374415,4960.8096,118,65080795525604,650807.9552560395,3228374415.0
2019-04-06 00:00:00+00:00,XBTUSD,4910.0,5073.5,4885.0,5040.0,492388,1992032192,4987.5312,1000,39941239339780,399412.3933978006,1992032192.0
2019-04-07 00:00:00+00:00,XBTUSD,5040.0,5245.0,4890.5,5043.0,530511,2185695456,5072.28,1500,43092157857130,430921.5785712992,2185695456.0
2019-04-08 00:00:00+00:00,XBTUSD,5043.0,5280.0,5028.0,5192.0,599800,2199032130,5139.5385,2500,42788590140111,427885.9014011075,2199032130.0
2019-04-09 00:00:00+00:00,XBTUSD,5192.0,5341.0,5133.0,5285.5,660333,2648582157,5241.6396,20000,50532179503050,505321.7950304984,2648582157.0
2019-04-10 00:00:00+00:00,XBTUSD,5285.5,5285.5,5140.5,5184.0,533169,2031776659,5213.4925,259,38971975090764,389719.75090763427,2031776659.0
2019-04-11 00:00:00+00:00,XBTUSD,5184.0,5474.0,5109.0,5321.5,496272,2276551766,5294.0865,25000,43003092386776,430030.92386775685,2276551766.0
2019-04-12 00:00:00+00:00,XBTUSD,5321.5,5342.5,4959.0,5038.5,566328,2473244609,5119.2792,50,48312520633145,483125.2063314473,2473244609.0
2019-04-13 00:00:00+00:00,XBTUSD,5038.5,5132.0,4923.0,5075.5,388682,1563910560,5035.7539,20,31057192392023,310571.92392022785,1563910560.0
2019-04-14 00:00:00+00:00,XBTUSD,5075.5,5117.0,5027.5,5066.0,291750,925759271,5080.0102,100,18224320608338,182243.2060833782,925759271.0
2019-04-15 00:00:00+00:00,XBTUSD,5066.0,5183.5,5008.0,5160.0,289404,985278444,5090.8721,2000,19354505814423,193545.05814422827,985278444.0
2019-04-16 00:00:00+00:00,XBTUSD,5160.0,5191.5,4942.0,5024.0,374224,1538220012,5085.9526,417,30244959823844,302449.5982384396,1538220012.0
2019-04-17 00:00:00+00:00,XBTUSD,5024.0,5329.5,5013.0,5202.5,375062,1450183323,5119.2792,1759,28328062438814,283280.62438813853,1450183323.0
2019-04-18 00:00:00+00:00,XBTUSD,5202.5,5291.0,5150.5,5227.0,350471,1298984546,5218.9343,8000,24890464263543,248904.642635428,1298984546.0
2019-04-19 00:00:00+00:00,XBTUSD,5227.0,5318.0,5222.0,5278.5,369829,1343604396,5266.7615,1000,25511299295390,255112.99295389804,1343604396.0
2019-04-20 00:00:00+00:00,XBTUSD,5278.5,5390.0,5155.0,5287.5,353115,1330864714,5263.4349,1636,25285818756816,252858.18756815878,1330864714.0
2019-04-21 00:00:00+00:00,XBTUSD,5287.5,5358.5,5250.5,5320.0,323765,1101158871,5310.1105,72,20737426398916,207374.2639891605,1101158871.0
2019-04-22 00:00:00+00:00,XBTUSD,5320.0,5348.0,5205.0,5295.5,345318,1261258028,5275.9312,13943,23906998923042,239069.9892304196,1261258028.0
2019-04-23 00:00:00+00:00,XBTUSD,5295.5,5444.0,5256.0,5383.0,412625,1753224027,5331.343000000002,6486,32885937626058,328859.3762605804,1753224027.0
2019-04-24 00:00:00+00:00,XBTUSD,5383.0,5650.0,5365.0,5529.5,512804,2490883494,5533.1157,2500,45018958094215,450189.5809421554,2490883494.0
2019-04-25 00:00:00+00:00,XBTUSD,5529.5,5622.5,5360.0,5440.0,533766,2552274532,5478.8516,279,46585125622196,465851.2562219618,2552274532.0
2019-04-26 00:00:00+00:00,XBTUSD,5440.0,5503.5,4960.0,5119.5,487275,2487873376,5306.7289,80,46881729481277,468817.29481276823,2487873376.0
2019-04-27 00:00:00+00:00,XBTUSD,5119.5,5274.5,5042.0,5149.5,605003,2782394111,5148.5352,1,54044959948146,540449.599481467,2782394111.0
2019-04-28 00:00:00+00:00,XBTUSD,5149.5,5221.0,5103.0,5161.5,284636,906388719,5162.8892,4706,17556278300268,175562.78300267944,906388719.0
2019-04-29 00:00:00+00:00,XBTUSD,5161.5,5212.5,5090.0,5153.5,314135,1090151542,5160.4913,2912,21125897300484,211258.97300483962,1090151542.0
2019-04-30 00:00:00+00:00,XBTUSD,5153.5,5190.0,5060.5,5141.0,339051,1259511670,5141.9169,5000,24495795699560,244957.9569956002,1259511670.0
2019-05-01 00:00:00+00:00,XBTUSD,5141.0,5294.0,5124.5,5264.0,345809,1401021208,5208.6046,2000,26898332636851,268983.32636850944,1401021208.0
2019-05-02 00:00:00+00:00,XBTUSD,5264.0,5350.0,5255.0,5317.0,315553,1226168918,5302.2269,4819,23125916375608,231259.16375607988,1226168918.0
2019-05-03 00:00:00+00:00,XBTUSD,5317.0,5418.5,5305.5,5385.0,418214,1550746064,5363.6559,2766,28913067021838,289130.6702183821,1550746064.0
2019-05-04 00:00:00+00:00,XBTUSD,5385.0,5800.0,5355.0,5657.5,884752,4257938033,5625.5626,2738,75689498112735,756894.981127362,4257938033.0
2019-05-05 00:00:00+00:00,XBTUSD,5657.5,5850.0,5502.0,5769.0,798217,3376678956,5696.0583,300,59281425700367,592814.2570036778,3376678956.0
2019-05-06 00:00:00+00:00,XBTUSD,5769.0,5783.0,5607.5,5715.5,589939,2130999207,5715.5921,250,37285073347502,372850.7334750224,2130999207.0
2019-05-07 00:00:00+00:00,XBTUSD,5715.5,5755.0,5555.5,5684.5,609827,2434873172,5649.0792,1000,43102513367364,431025.1336736513,2434873172.0
2019-05-08 00:00:00+00:00,XBTUSD,5684.5,5975.0,5684.5,5738.0,769365,3524010933,5852.4024,247,60216976708753,602169.7670875267,3524010933.0
2019-05-09 00:00:00+00:00,XBTUSD,5738.0,6000.0,5642.0,5939.0,601686,2348502656,5835.6676,200,40244758596368,402447.58596367907,2348502656.0
2019-05-10 00:00:00+00:00,XBTUSD,5939.0,6163.5,5928.5,6140.0,656752,2740351645,6040.4712,37,45368470165619,453684.70165619295,2740351645.0
2019-05-11 00:00:00+00:00,XBTUSD,6140.0,6424.0,6103.5,6341.5,893354,4080394057,6288.9126,1100,64886393627880,648863.9362788004,4080394057.0
2019-05-12 00:00:00+00:00,XBTUSD,6341.5,7471.5,6341.5,7218.0,1429911,7857790177,6855.4192,27752,114622644511963,1146226.4451196434,7857790177.0
2019-05-13 00:00:00+00:00,XBTUSD,7218.0,7585.0,6771.0,6975.5,1651442,8298233952,7169.4867,250,115750911591962,1157509.1159196126,8298233952.0
2019-05-14 00:00:00+00:00,XBTUSD,6975.5,8190.0,6863.5,7827.0,1368492,7322163617,7576.3315,22,96649579937392,966495.7993739144,7322163617.0
2019-05-15 00:00:00+00:00,XBTUSD,7827.0,8339.0,7627.0,7997.5,1364625,6768836755,8000.6401,950,84605951624559,846059.516245586,6768836755.0
2019-05-16 00:00:00+00:00,XBTUSD,7997.5,8325.0,7855.5,8203.5,1114819,4860301877,8058.6671,1800,60314497023577,603144.9702357776,4860301877.0
2019-05-17 00:00:00+00:00,XBTUSD,8203.5,8400.0,7650.0,7884.5,1153184,4690708835,8005.7642,150,58594315146356,585943.1514635602,4690708835.0
2019-05-18 00:00:00+00:00,XBTUSD,7884.5,7940.0,6380.0,7352.0,1311604,5797282171,7225.9556,3319,80230778080427,802307.7808042739,5797282171.0
2019-05-19 00:00:00+00:00,XBTUSD,7352.0,7490.0,7202.0,7258.5,836018,2603107435,7326.0073,1848,35532524352240,355325.2435223997,2603107435.0
2019-05-20 00:00:00+00:00,XBTUSD,7258.5,8340.0,7245.5,8206.5,1163045,5010585251,7927.0709,2200,63208707405765,632087.0740576482,5010585251.0
2019-05-21 00:00:00+00:00,XBTUSD,8206.5,8206.5,7578.5,8009.5,1270193,5221582421,7910.7666,5000,66009835492226,660098.3549222621,5221582421.0
2019-05-22 00:00:00+00:00,XBTUSD,8009.5,8126.5,7800.0,7959.0,915297,3285592576,7956.0824,6000,41298697064965,412986.9706496442,3285592576.0
2019-05-23 00:00:00+00:00,XBTUSD,7959.0,8057.0,7497.5,7624.0,856826,3386129163,7843.1373,763,43176036645144,431760.3664514367,3386129163.0
2019-05-24 00:00:00+00:00,XBTUSD,7624.0,7984.5,7460.0,7875.5,921968,3402334516,7705.3475,18,44157924249738,441579.24249738007,3402334516.0
2019-05-25 00:00:00+00:00,XBTUSD,7875.5,8194.0,7801.5,7997.5,832758,2932142554,8007.6874,10,36618393281184,366183.9328118445,2932142554.0
2019-05-26 00:00:00+00:00,XBTUSD,7997.5,8173.0,7938.5,8067.0,590194,1826767751,8054.7725,10000,22680805992388,226808.059923886,1826767751.0
2019-05-27 00:00:00+00:00,XBTUSD,8067.0,8889.0,7883.0,8750.0,817956,3550946328,8341.675,1,42571393803149,425713.93803148647,3550946328.0
2019-05-28 00:00:00+00:00,XBTUSD,8750.0,8964.0,8659.0,8779.5,838245,3896581382,8805.9176,5,44252568578669,442525.6857866892,3896581382.0
2019-05-29 00:00:00+00:00,XBTUSD,8779.5,8823.5,8561.0,8721.0,625016,2621698602,8721.4373,2500,30060422638509,300604.2263850869,2621698602.0
2019-05-30 00:00:00+00:00,XBTUSD,8721.0,8777.0,8442.0,8665.5,683090,2868619212,8636.3244,887,33218389363122,332183.8936312158,2868619212.0
2019-05-31 00:00:00+00:00,XBTUSD,8665.5,9111.0,7944.0,8274.5,972311,4862775976,8577.0649,4020,56699574454063,566995.7445406248,4862775976.0
2019-06-01 00:00:00+00:00,XBTUSD,8274.5,8579.0,8115.0,8546.0,766636,3025912090,8347.2454,960,36251396187360,362513.96187360346,3025912090.0
2019-06-02 00:00:00+00:00,XBTUSD,8546.0,8637.0,8456.0,8555.5,530401,1642093097,8546.2781,230,19215021953791,192150.2195379121,1642093097.0
2019-06-03 00:00:00+00:00,XBTUSD,8555.5,8860.5,8549.0,8738.0,580269,2134326062,8707.0091,1400,24514771211060,245147.7121105993,2134326062.0
2019-06-04 00:00:00+00:00,XBTUSD,8738.0,8744.5,8025.5,8100.5,863037,3905139797,8465.2501,100,46133721017111,461337.2101711125,3905139797.0
2019-06-05 00:00:00+00:00,XBTUSD,8100.5,8100.5,7435.0,7663.0,1020782,5013529082,7812.5,10,64176243564617,641762.4356461642,5013529082.0
2019-06-06 00:00:00+00:00,XBTUSD,7663.0,7931.0,7583.5,7783.0,807018,3279925703,7756.7484,957,42285341096976,422853.41096976295,3279925703.0
2019-06-07 00:00:00+00:00,XBTUSD,7783.0,7880.0,7448.0,7805.0,751467,2969028952,7704.7538,344,38536928147434,385369.2814743368,2969028952.0
2019-06-08 00:00:00+00:00,XBTUSD,7805.0,8130.0,7764.5,7996.5,669510,2725467874,7959.2486,10000,34243991354687,342439.9135468673,2725467874.0
2019-06-09 00:00:00+00:00,XBTUSD,7996.5,8055.5,7786.0,7926.0,559585,1855869071,7923.9303,5500,23421138040579,234211.3804057884,1855869071.0
2019-06-10 00:00:00+00:00,XBTUSD,7926.0,7958.0,7500.0,7629.0,656786,2490212260,7729.7673,500,32217114495477,322171.14495477284,2490212260.0
2019-06-11 00:00:00+00:00,XBTUSD,7629.0,8108.0,7515.0,8016.0,708065,2840864492,7833.9209,3000,36264586483955,362645.8648395456,2840864492.0
2019-06-12 00:00:00+00:00,XBTUSD,8016.0,8059.0,7704.5,7917.5,580228,2259291147,7864.1082,100,28730021923100,287300.219231,2259291147.0
2019-06-13 00:00:00+00:00,XBTUSD,7917.5,8273.0,7816.0,8176.5,696342,2810073967,8046.9944,49351,34923199203894,349231.9920389439,2810073967.0
2019-06-14 00:00:00+00:00,XBTUSD,8176.5,8336.5,8047.5,8234.0,605756,2218764077,8185.9856,6178,27105846731321,271058.46731321287,2218764077.0
2019-06-15 00:00:00+00:00,XBTUSD,8234.0,8743.0,8178.5,8695.0,762839,3216324015,8401.2434,1000,38284141537046,382841.415370461,3216324015.0
2019-06-16 00:00:00+00:00,XBTUSD,8695.0,8929.0,8633.5,8859.5,720154,2663636197,8755.8007,2000,30422680572791,304226.80572791025,2663636197.0
2019-06-17 00:00:00+00:00,XBTUSD,8859.5,9442.0,8794.0,8974.5,1241079,5909192014,9123.2552,3000,64771539951772,647715.3995177132,5909192014.0
2019-06-18 00:00:00+00:00,XBTUSD,8974.5,9496.0,8974.5,9347.5,1057285,4612766979,9266.1231,2000,49782186185368,497821.8618536771,4612766979.0
2019-06-19 00:00:00+00:00,XBTUSD,9347.5,9364.5,8931.0,9085.5,927936,3970490506,9130.7524,2000,43486215775258,434862.1577525841,3970490506.0
2019-06-20 00:00:00+00:00,XBTUSD,9085.5,9329.5,9045.0,9287.5,653278,2369675840,9155.8323,1750,25883799945135,258837.9994513479,2369675840.0
2019-06-21 00:00:00+00:00,XBTUSD,9287.5,9617.5,9220.5,9532.0,800913,3404805996,9399.3796,2000,36226158147055,362261.58147054585,3404805996.0
2019-06-22 00:00:00+00:00,XBTUSD,9532.0,10287.5,9532.0,10279.5,1069044,4982086264,9836.7106,300,50648536944837,506485.3694483682,4982086264.0
2019-06-23 00:00:00+00:00,XBTUSD,10279.5,11231.5,10111.5,10692.0,1717696,8690081969,10742.2924,2000,80898717223970,808987.1722397256,8690081969.0
2019-06-24 00:00:00+00:00,XBTUSD,10692.0,11286.5,10481.0,10841.5,1179604,4821767323,10809.6422,1120,44607332968537,446073.3296853802,4821767323.0
2019-06-25 00:00:00+00:00,XBTUSD,10841.5,11110.0,10540.0,11045.0,1065760,4046754884,10850.6944,25000,37296593544553,372965.9354455372,4046754884.0
2019-06-26 00:00:00+00:00,XBTUSD,11045.0,11797.5,10996.0,11760.5,1289301,6030877932,11350.7378,200,53137318913471,531373.1891347149,6030877932.0
2019-06-27 00:00:00+00:00,XBTUSD,11760.5,13920.0,11633.0,12930.0,2111752,13622106362,12679.0922,865,107440556468445,1074405.5646844613,13622106362.0
2019-06-28 00:00:00+00:00,XBTUSD,12930.0,13333.0,10300.0,11156.5,2114878,11918759557,11709.6019,100,101789002171026,1017890.0217103,11918759557.0
2019-06-29 00:00:00+00:00,XBTUSD,11156.5,12465.0,10741.0,12374.5,1695963,7632010874,11660.4478,359,65455306875648,654553.0687565132,7632010874.0
2019-06-30 00:00:00+00:00,XBTUSD,12374.5,12393.5,11350.0,11870.0,1454364,6183781738,11828.7201,2506,52277857456418,522778.5745641893,6183781738.0
2019-07-01 00:00:00+00:00,XBTUSD,11870.0,12227.5,10659.0,10761.0,1345911,5853037670,11385.6313,48209,51410794750050,514107.9475005117,5853037670.0
2019-07-02 00:00:00+00:00,XBTUSD,10761.0,11220.0,9950.0,10570.5,1460963,6402816721,10598.8341,1,60416812197330,604168.1219732894,6402816721.0
2019-07-03 00:00:00+00:00,XBTUSD,10570.5,10924.0,9650.0,10840.0,1459859,6728492232,10232.2726,86158,65759551758753,657595.5175875283,6728492232.0
2019-07-04 00:00:00+00:00,XBTUSD,10840.0,12028.5,10840.0,11983.5,1539782,7359228593,11339.1541,3000,64906933020250,649069.3302025095,7359228593.0
2019-07-05 00:00:00+00:00,XBTUSD,11983.5,12070.0,11042.5,11143.0,1107822,5113462968,11701.3808,5126,43699974067043,436999.740670441,5113462968.0
2019-07-06 00:00:00+00:00,XBTUSD,11143.0,11439.0,10755.0,10991.0,1098025,4884327016,11118.5235,1000,43933397009122,439333.9700912209,4884327016.0
2019-07-07 00:00:00+00:00,XBTUSD,10991.0,11747.0,10952.0,11234.0,1014049,4233836613,11412.9194,887,37097512236800,370975.1223680096,4233836613.0
2019-07-08 00:00:00+00:00,XBTUSD,11234.0,11650.0,11070.0,11475.5,852902,3337511399,11334.0134,3784,29449335155710,294493.35155710386,3337511399.0
2019-07-09 00:00:00+00:00,XBTUSD,11475.5,12387.0,11321.5,12290.0,884461,4103506231,11904.7619,11000,34472222491380,344722.22491379874,4103506231.0
2019-07-10 00:00:00+00:00,XBTUSD,12290.0,12840.0,12105.0,12563.5,1197098,5990811853,12520.3456,27,47851392931923,478513.92931923,5990811853.0
2019-07-11 00:00:00+00:00,XBTUSD,12563.5,13272.0,11530.0,12090.0,1539406,8520368140,12515.6446,50,68082399723999,680823.9972400018,8520368140.0
2019-07-12 00:00:00+00:00,XBTUSD,12090.0,12094.5,10927.5,11336.5,1372245,7239763340,11534.0254,20800,62774750480156,627747.5048015742,7239763340.0
2019-07-13 00:00:00+00:00,XBTUSD,11336.5,11943.5,11085.0,11804.0,1005163,4443917659,11564.7045,1000,38430055405782,384300.554057828,4443917659.0
2019-07-14 00:00:00+00:00,XBTUSD,11804.0,11842.5,10800.0,11370.5,1060173,4678483104,11327.594,5758,41303384546348,413033.8454634868,4678483104.0
2019-07-15 00:00:00+00:00,XBTUSD,11370.5,11468.5,10071.0,10185.5,1257772,5522316256,10715.8165,10,51539316511015,515393.16511014843,5522316256.0
2019-07-16 00:00:00+00:00,XBTUSD,10185.5,11069.0,9850.0,10857.0,1240547,5652905693,10390.6899,500,54404030720877,544040.3072087722,5652905693.0
2019-07-17 00:00:00+00:00,XBTUSD,10857.0,11036.0,9351.5,9417.0,1323286,6461953944,10179.1531,235,63482430283404,634824.30283403,6461953944.0
2019-07-18 00:00:00+00:00,XBTUSD,9417.0,9980.0,9080.0,9695.5,1178807,5431626185,9541.0743,5743,56932525985889,569325.259858884,5431626185.0
2019-07-19 00:00:00+00:00,XBTUSD,9695.5,10802.5,9268.0,10646.5,1184869,5561915298,10032.1027,10000,55444785040328,554447.8504032807,5561915298.0
2019-07-20 00:00:00+00:00,XBTUSD,10646.5,10776.0,10101.0,10523.0,977207,4171814081,10452.5975,2000,39913757324890,399137.57324889005,4171814081.0
2019-07-21 00:00:00+00:00,XBTUSD,10523.0,11132.0,10352.5,10760.0,800170,3317358948,10708.9312,2,30979366541375,309793.66541374556,3317358948.0
2019-07-22 00:00:00+00:00,XBTUSD,10760.0,10827.5,10324.5,10591.5,753075,2703833896,10556.318,3000,25615810937546,256158.1093754549,2703833896.0
2019-07-23 00:00:00+00:00,XBTUSD,10591.5,10685.0,10057.0,10320.5,837467,3129671215,10390.6899,890,30120885360935,301208.8536093465,3129671215.0
2019-07-24 00:00:00+00:00,XBTUSD,10320.5,10320.5,9803.0,9844.0,930306,3483479222,10035.1229,5000,34714467039288,347144.67039287736,3483479222.0
2019-07-25 00:00:00+00:00,XBTUSD,9844.0,9920.0,9489.5,9773.0,869754,3473045950,9697.4399,119,35814602292290,358146.0229228979,3473045950.0
2019-07-26 00:00:00+00:00,XBTUSD,9773.0,10185.0,9740.0,9871.5,652191,2410973560,10016.0256,3576,24072850350796,240728.50350795765,2410973560.0
2019-07-27 00:00:00+00:00,XBTUSD,9871.5,9900.0,9606.5,9845.5,610194,2018508690,9769.4412,1000,20663092089936,206630.92089935922,2018508690.0
2019-07-28 00:00:00+00:00,XBTUSD,9845.5,10300.0,9258.0,9463.5,718864,2938517010,9654.3734,104,30437772159531,304377.72159531113,2938517010.0
2019-07-29 00:00:00+00:00,XBTUSD,9463.5,9748.0,9100.0,9530.5,583402,2109224537,9453.5829,600,22312746992429,223127.46992429046,2109224537.0
2019-07-30 00:00:00+00:00,XBTUSD,9530.5,9734.0,9339.5,9502.5,570191,2207241220,9533.7973,400,23152087364170,231520.87364170144,2207241220.0
2019-07-31 00:00:00+00:00,XBTUSD,9502.5,9885.0,9375.5,9592.5,578740,2294653128,9561.1435,1,24000953539097,240009.5353909709,2294653128.0
2019-08-01 00:00:00+00:00,XBTUSD,9592.5,10146.0,9575.0,10088.5,684167,2646525279,9887.285,150,26769219773785,267692.1977378528,2646525279.0
2019-08-02 00:00:00+00:00,XBTUSD,10088.5,10499.0,9885.0,10415.5,688022,2728317073,10141.9878,500,26903408323980,269034.0832398002,2728317073.0
2019-08-03 00:00:00+00:00,XBTUSD,10415.5,10664.0,10325.0,10528.0,697719,2769210533,10493.1794,700,26392373999654,263923.7399965321,2769210533.0
2019-08-04 00:00:00+00:00,XBTUSD,10528.0,10926.0,10514.0,10819.5,714275,2571478309,10779.3468,2583,23858017661891,238580.17661891715,2571478309.0
2019-08-05 00:00:00+00:00,XBTUSD,10819.5,11095.0,10570.0,10982.0,780489,3154544816,10843.6348,70,29092876018860,290928.7601886039,3154544816.0
2019-08-06 00:00:00+00:00,XBTUSD,10982.0,11971.0,10982.0,11814.5,1111758,5082486227,11655.0117,1000,43609583843671,436095.83843671,5082486227.0
2019-08-07 00:00:00+00:00,XBTUSD,11814.5,12340.0,11220.5,11467.0,1145768,5716377385,11784.115,390,48509757511460,485097.5751146042,5716377385.0
2019-08-08 00:00:00+00:00,XBTUSD,11467.0,12170.0,11386.0,11987.5,1162856,5276244947,11756.4072,200,44882853442807,448828.5344280781,5276244947.0
2019-08-09 00:00:00+00:00,XBTUSD,11987.5,12147.0,11438.5,12020.0,1098018,4296333405,11800.8025,2000,36407768399615,364077.6839961577,4296333405.0
2019-08-10 00:00:00+00:00,XBTUSD,12020.0,12080.5,11651.0,11874.0,902403,3230126803,11830.1195,3000,27304978400437,273049.7840043725,3230126803.0
2019-08-11 00:00:00+00:00,XBTUSD,11874.0,12000.0,11122.0,11280.0,757357,3027196264,11500.8626,1500,26324289821600,263242.8982160009,3027196264.0
2019-08-12 00:00:00+00:00,XBTUSD,11280.0,11596.5,11072.5,11531.5,584767,2097017864,11366.2196,15000,18450147178219,184501.47178219425,2097017864.0
2019-08-13 00:00:00+00:00,XBTUSD,11531.5,11555.0,11222.5,11395.5,551516,1710409465,11396.0114,40,15009383908890,150093.8390889022,1710409465.0
2019-08-14 00:00:00+00:00,XBTUSD,11395.5,11458.0,10758.5,10858.5,733009,3094724371,11066.8437,1,27964481567697,279644.81567697175,3094724371.0
2019-08-15 00:00:00+00:00,XBTUSD,10858.5,10862.0,9913.0,10025.0,1041723,4998265897,10404.7446,96677,48040355042909,480403.5504290806,4998265897.0
2019-08-16 00:00:00+00:00,XBTUSD,10025.0,10438.0,9475.5,10290.5,1275672,6162430723,9949.2588,70,61944485488857,619444.8548885671,6162430723.0
2019-08-17 00:00:00+00:00,XBTUSD,10290.5,10530.0,9725.0,10350.5,1195342,5322247302,10149.1931,17794,52444796071800,524447.9607179932,5322247302.0
2019-08-18 00:00:00+00:00,XBTUSD,10350.5,10475.5,9964.5,10204.0,769018,2469271372,10259.567,31,24068294518650,240682.94518649648,2469271372.0
2019-08-19 00:00:00+00:00,XBTUSD,10204.0,10520.0,10061.0,10318.0,637697,2132196783,10317.7879,2348,20665693544764,206656.93544763845,2132196783.0
2019-08-20 00:00:00+00:00,XBTUSD,10318.0,10942.0,10268.0,10925.0,712451,2816151521,10657.5722,5,26425355705465,264253.55705465283,2816151521.0
2019-08-21 00:00:00+00:00,XBTUSD,10925.0,10959.5,10554.5,10773.5,694790,2741966202,10735.3731,900,25543706010792,255437.06010792163,2741966202.0
2019-08-22 00:00:00+00:00,XBTUSD,10773.5,10807.0,9855.0,10129.0,887857,4151993497,10168.8021,1135,40834629997058,408346.2999705806,4151993497.0
2019-08-23 00:00:00+00:00,XBTUSD,10129.0,10230.0,9744.0,10104.5,813560,3203858195,10001.0001,87,32037974146684,320379.74146684137,3203858195.0
2019-08-24 00:00:00+00:00,XBTUSD,10104.5,10463.0,10042.0,10401.5,648695,2333731786,10258.5146,2002,22750410330735,227504.1033073488,2333731786.0
2019-08-25 00:00:00+00:00,XBTUSD,10401.5,10423.5,9850.0,10136.0,665317,2605988158,10097.9501,3040,25808306312344,258083.06312343953,2605988158.0
2019-08-26 00:00:00+00:00,XBTUSD,10136.0,10369.0,9875.0,10135.5,748253,2557057170,10099.9899,18000,25318615613968,253186.1561396759,2557057170.0
2019-08-27 00:00:00+00:00,XBTUSD,10135.5,10805.0,10137.0,10369.0,840840,3095112179,10382.0598,3872,29814209481058,298142.09481057216,3095112179.0
2019-08-28 00:00:00+00:00,XBTUSD,10369.0,10384.0,10025.0,10176.0,887673,2440006950,10163.6345,900,24008762995280,240087.62995280055,2440006950.0
2019-08-29 00:00:00+00:00,XBTUSD,10176.0,10315.0,9497.5,9701.5,1020838,3514832496,9967.1085,200,35264879281176,352648.7928117565,3514832496.0
2019-08-30 00:00:00+00:00,XBTUSD,9701.5,9702.0,9321.0,9491.5,822146,2455401317,9493.9713,1674,25862887331570,258628.8733157029,2455401317.0
2019-08-31 00:00:00+00:00,XBTUSD,9491.5,9690.0,9341.5,9574.0,591205,1921000276,9531.9798,2012,20154020422451,201540.20422451035,1921000276.0
2019-09-01 00:00:00+00:00,XBTUSD,9574.0,9703.5,9434.5,9602.5,473214,1385068208,9582.2154,1,14455100382558,144551.00382558108,1385068208.0
2019-09-02 00:00:00+00:00,XBTUSD,9602.5,9844.0,9531.0,9771.5,438608,1378560767,9661.8357,4236,14268243231388,142682.43231388013,1378560767.0
2019-09-03 00:00:00+00:00,XBTUSD,9771.5,10500.0,9745.5,10391.0,728838,3287239990,10080.6452,5000,32611968827932,326119.6882793193,3287239990.0
2019-09-04 00:00:00+00:00,XBTUSD,10391.0,10783.0,10300.0,10630.0,821807,3730362374,10557.4324,2000,35335444547601,353354.44547600666,3730362374.0
2019-09-05 00:00:00+00:00,XBTUSD,10630.0,10879.0,10380.5,10580.5,849000,3667564531,10576.4146,1,34679778784269,346797.78784268704,3667564531.0
2019-09-06 00:00:00+00:00,XBTUSD,10580.5,10683.0,10454.0,10586.0,711100,2406367926,10570.8245,5767,22764622093977,227646.2209397629,2406367926.0
2019-09-07 00:00:00+00:00,XBTUSD,10586.0,10968.0,10205.0,10310.5,937074,4202998455,10628.122,1588,39546643092549,395466.43092549115,4202998455.0
2019-09-08 00:00:00+00:00,XBTUSD,10310.5,10576.0,10308.0,10492.5,547178,1719270081,10442.7736,140,16465010604393,164650.10604392635,1719270081.0
2019-09-09 00:00:00+00:00,XBTUSD,10492.5,10599.0,10252.5,10402.0,510768,1834957860,10437.3239,4422,17581931890584,175819.31890584054,1834957860.0
2019-09-10 00:00:00+00:00,XBTUSD,10402.0,10571.0,10090.0,10318.0,829102,3563034952,10292.3014,26752,34620814653593,346208.14653592685,3563034952.0
2019-09-11 00:00:00+00:00,XBTUSD,10318.0,10394.0,9892.0,10102.5,675497,2461539814,10171.9052,50,24201299279998,242012.9927999804,2461539814.0
2019-09-12 00:00:00+00:00,XBTUSD,10102.5,10280.0,9850.0,10166.0,759281,2768292719,10058.3384,2500,27523570480928,275235.7048092812,2768292719.0
2019-09-13 00:00:00+00:00,XBTUSD,10166.0,10469.5,10032.0,10433.5,672332,2461241420,10255.3584,100,24000405951934,240004.05951933266,2461241420.0
2019-09-14 00:00:00+00:00,XBTUSD,10433.5,10458.5,10161.5,10370.0,583263,1974996040,10310.3413,1,19157237942173,191572.37942172878,1974996040.0
2019-09-15 00:00:00+00:00,XBTUSD,10370.0,10447.5,10221.0,10364.0,526045,1692697317,10354.1106,110,16349485672166,163494.85672165905,1692697317.0
2019-09-16 00:00:00+00:00,XBTUSD,10364.0,10387.0,10260.0,10314.0,374645,1114698246,10317.7879,1000,10804722100026,108047.22100025989,1114698246.0
2019-09-17 00:00:00+00:00,XBTUSD,10314.0,10391.5,10066.0,10268.0,547489,2217227507,10236.4623,1,21661571906993,216615.71906992648,2217227507.0
2019-09-18 00:00:00+00:00,XBTUSD,10268.0,10284.0,10137.5,10184.5,541823,1862503320,10217.6356,1,18229202183458,182292.02183457802,1862503320.0
2019-09-19 00:00:00+00:00,XBTUSD,10184.5,10262.5,10075.0,10163.0,445820,1517895773,10190.5635,195,14896267445667,148962.67445667097,1517895773.0
2019-09-20 00:00:00+00:00,XBTUSD,10163.0,10442.0,9567.0,10282.5,719836,3368765552,9980.0399,1758,33756814791090,337568.14791089884,3368765552.0
2019-09-21 00:00:00+00:00,XBTUSD,10282.5,10319.5,10061.0,10175.5,493206,1608962567,10176.0456,938,15811943289814,158119.43289813655,1608962567.0
2019-09-22 00:00:00+00:00,XBTUSD,10175.5,10176.0,9902.5,9975.5,542071,1585453842,10023.053,149,15819133125100,158191.33125099956,1585453842.0
2019-09-23 00:00:00+00:00,XBTUSD,9975.5,10100.0,9840.5,10026.0,608281,1698994877,9977.0528,972,17029710833201,170297.1083320107,1698994877.0
2019-09-24 00:00:00+00:00,XBTUSD,10026.0,10049.5,9603.5,9686.0,756204,2783512865,9829.942,72,28317421769855,283174.2176985505,2783512865.0
2019-09-25 00:00:00+00:00,XBTUSD,9686.0,9779.5,8012.0,8533.5,1252875,6725380596,8958.9679,1,75073380557611,750733.8055761161,6725380596.0
2019-09-26 00:00:00+00:00,XBTUSD,8533.5,8748.0,8215.0,8430.0,1051314,4045724084,8426.0195,26,48016952017467,480169.5201746767,4045724084.0
2019-09-27 00:00:00+00:00,XBTUSD,8430.0,8466.0,7736.0,8054.0,990231,4010130760,8112.2739,1000,49435890157440,494358.9015744036,4010130760.0
2019-09-28 00:00:00+00:00,XBTUSD,8054.0,8265.0,7860.0,8189.0,758451,2456542220,8032.7737,3,30583258180557,305832.5818055708,2456542220.0
2019-09-29 00:00:00+00:00,XBTUSD,8189.0,8400.0,8015.0,8207.0,594604,1727544035,8159.9347,100,21172320103072,211723.20103072264,1727544035.0
2019-09-30 00:00:00+00:00,XBTUSD,8207.0,8238.5,7900.0,8054.0,599397,1822807833,8042.4642,5309,22665752085181,226657.52085180953,1822807833.0
2019-10-01 00:00:00+00:00,XBTUSD,8054.0,8344.5,7688.0,8299.5,866067,3373793628,8032.1285,9411,42004040309207,420040.40309207095,3373793628.0
2019-10-02 00:00:00+00:00,XBTUSD,8299.5,8532.0,8200.0,8314.0,806274,2754664272,8369.6016,1,32915179206234,329151.79206234275,2754664272.0
2019-10-03 00:00:00+00:00,XBTUSD,8314.0,8386.0,8173.0,8377.5,554557,1537659900,8258.3203,1,18620010344861,186200.103448612,1537659900.0
2019-10-04 00:00:00+00:00,XBTUSD,8377.5,8420.5,8070.0,8240.5,583640,1946444699,8216.2517,1,23692109626839,236921.0962683926,1946444699.0
2019-10-05 00:00:00+00:00,XBTUSD,8240.5,8243.0,8020.0,8154.5,598438,1680861122,8139.3456,1000,20651413717721,206514.13717721426,1680861122.0
2019-10-06 00:00:00+00:00,XBTUSD,8154.5,8200.0,8022.0,8146.5,462778,1247070981,8101.7581,3370,15393124221455,153931.24221455227,1247070981.0
2019-10-07 00:00:00+00:00,XBTUSD,8146.5,8172.0,7770.0,7861.0,649843,2177529708,7953.5513,349,27379761612971,273797.61612971174,2177529708.0
2019-10-08 00:00:00+00:00,XBTUSD,7861.0,8307.5,7765.0,8208.0,781365,2790485285,8059.3166,500,34624711467317,346247.114673174,2790485285.0
2019-10-09 00:00:00+00:00,XBTUSD,8208.0,8332.5,8095.5,8180.0,564760,1775864658,8208.8327,90838,21635177710940,216351.77710940465,1775864658.0
2019-10-10 00:00:00+00:00,XBTUSD,8180.0,8692.0,8111.5,8587.5,731377,2918198967,8424.5998,1,34641459889088,346414.5988908817,2918198967.0
2019-10-11 00:00:00+00:00,XBTUSD,8587.5,8662.5,8466.0,8586.5,585807,1820350604,8556.5158,4902,21276068180133,212760.681801333,1820350604.0
2019-10-12 00:00:00+00:00,XBTUSD,8586.5,8821.5,8222.0,8266.0,711915,2840802059,8450.2282,19000,33619171978773,336191.71978773683,2840802059.0
2019-10-13 00:00:00+00:00,XBTUSD,8266.0,8399.5,8252.0,8305.0,350255,914764702,8333.3333,1000,10977397096564,109773.97096564106,914764702.0
2019-10-14 00:00:00+00:00,XBTUSD,8305.0,8466.0,8150.0,8278.0,477670,1600848345,8345.1556,5000,19183958143227,191839.58143227105,1600848345.0
2019-10-15 00:00:00+00:00,XBTUSD,8278.0,8406.0,8221.0,8358.0,437998,1383917320,8307.7179,27,16659506402364,166595.0640236409,1383917320.0
2019-10-16 00:00:00+00:00,XBTUSD,8358.0,8420.0,8076.0,8156.0,513081,1833941267,8251.5059,5000,22226767339434,222267.6733943421,1833941267.0
2019-10-17 00:00:00+00:00,XBTUSD,8156.0,8175.0,7912.5,7995.5,471379,1714484458,8032.7737,4804,21344361079863,213443.6107986269,1714484458.0
2019-10-18 00:00:00+00:00,XBTUSD,7995.5,8123.0,7937.5,8070.5,451661,1379848088,8038.5852,192,17165570783078,171655.70783078167,1379848088.0
2019-10-19 00:00:00+00:00,XBTUSD,8070.5,8112.0,7799.5,7951.0,538095,2025413894,7931.4721,1,25536554247463,255365.5424746263,2025413894.0
2019-10-20 00:00:00+00:00,XBTUSD,7951.0,8110.0,7868.0,7960.0,483691,1515391394,7967.4926,2000,19021075121737,190210.75121736905,1515391394.0
2019-10-21 00:00:00+00:00,XBTUSD,7960.0,8318.0,7866.0,8233.0,620683,2151767217,8068.4202,4353,26670234535085,266702.3453508505,2151767217.0
2019-10-22 00:00:00+00:00,XBTUSD,8233.0,8357.0,8155.5,8204.5,454199,1615409161,8228.421,400,19632089291562,196320.8929156248,1615409161.0
2019-10-23 00:00:00+00:00,XBTUSD,8204.5,8313.0,7981.5,8019.0,519118,1943310865,8180.6283,8536,23755186663116,237551.86663116165,1943310865.0
2019-10-24 00:00:00+00:00,XBTUSD,8019.0,8044.5,7298.0,7468.0,688115,3184348868,7634.7534,500,41710829843880,417108.298438796,3184348868.0
2019-10-25 00:00:00+00:00,XBTUSD,7468.0,7504.5,7355.0,7424.0,443118,1438106601,7439.9226,5000,19330149275001,193301.49275001086,1438106601.0
2019-10-26 00:00:00+00:00,XBTUSD,7424.0,8790.0,7380.5,8668.0,959864,5046279493,8128.0988,178,62085103277150,620851.0327714992,5046279493.0
2019-10-27 00:00:00+00:00,XBTUSD,8668.0,10584.5,8645.0,9264.5,1609422,8255466579,9416.1959,500,87677285539664,876772.8553966398,8255466579.0
2019-10-28 00:00:00+00:00,XBTUSD,9264.5,9832.5,9105.0,9556.0,1109775,4626756280,9489.4667,1000,48760238894703,487602.3889470264,4626756280.0
2019-10-29 00:00:00+00:00,XBTUSD,9556.0,9944.0,9167.0,9226.0,926100,3712381533,9512.0327,1000,39031350949968,390313.5094996821,3712381533.0
2019-10-30 00:00:00+00:00,XBTUSD,9226.0,9565.5,9058.0,9438.0,815914,3366567658,9384.3844,195,35876947845708,358769.4784570821,3366567658.0
2019-10-31 00:00:00+00:00,XBTUSD,9438.0,9438.5,8990.0,9165.0,743087,2909978028,9181.0503,50,31697742347187,316977.4234718693,2909978028.0
2019-11-01 00:00:00+00:00,XBTUSD,9165.0,9440.0,8947.0,9153.5,753138,3047547927,9172.6289,45,33227358988180,332273.5898818004,3047547927.0
2019-11-02 00:00:00+00:00,XBTUSD,9153.5,9316.0,9055.0,9255.5,623349,2196031702,9170.9464,1000,23946405769926,239464.05769925864,2196031702.0
2019-11-03 00:00:00+00:00,XBTUSD,9255.5,9412.0,9212.5,9313.5,414004,1233087720,9298.0009,1,13262219982522,132622.19982522124,1233087720.0
2019-11-04 00:00:00+00:00,XBTUSD,9313.5,9389.5,9065.0,9205.5,443304,1507073624,9206.4077,900,16370005983712,163700.05983711907,1507073624.0
2019-11-05 00:00:00+00:00,XBTUSD,9205.5,9617.0,9135.0,9426.5,528366,2071601009,9324.8788,1500,22217110419981,222171.10419981237,2071601009.0
2019-11-06 00:00:00+00:00,XBTUSD,9426.5,9485.0,9180.0,9317.0,597937,2138589698,9328.3582,31,22926380047472,229263.8004747181,2138589698.0
2019-11-07 00:00:00+00:00,XBTUSD,9317.0,9462.0,9250.0,9347.0,456775,1578464842,9350.1636,2500,16882087193509,168820.87193509008,1578464842.0
2019-11-08 00:00:00+00:00,XBTUSD,9347.0,9377.5,9073.5,9213.0,494827,1704656593,9222.5399,100,18484687971070,184846.87971070086,1704656593.0
2019-11-09 00:00:00+00:00,XBTUSD,9213.0,9254.0,8670.0,8765.0,722495,3279777209,8932.5592,1,36717508875889,367175.08875889,3279777209.0
2019-11-10 00:00:00+00:00,XBTUSD,8765.0,8880.0,8726.0,8806.0,386174,1143494672,8806.6931,416,12985035096313,129850.35096312975,1143494672.0
2019-11-11 00:00:00+00:00,XBTUSD,8806.0,9200.0,8757.0,9038.5,467835,1750868912,8943.7439,400,19577817525632,195778.175256319,1750868912.0
2019-11-12 00:00:00+00:00,XBTUSD,9038.5,9075.0,8571.5,8717.5,531744,2222292847,8781.1732,2000,25309491646496,253094.91646496032,2222292847.0
2019-11-13 00:00:00+00:00,XBTUSD,8717.5,8872.5,8550.0,8818.0,533815,2167911140,8719.9163,255,24862501036489,248625.0103648873,2167911140.0
2019-11-14 00:00:00+00:00,XBTUSD,8818.0,8847.5,8709.5,8764.0,350399,1080815478,8758.1012,2500,12341730735482,123417.30735481945,1080815478.0
2019-11-15 00:00:00+00:00,XBTUSD,8764.0,8794.0,8550.5,8630.5,462501,1697709913,8649.0227,4000,19629832871537,196298.32871536908,1697709913.0
2019-11-16 00:00:00+00:00,XBTUSD,8630.5,8795.0,8350.0,8456.0,634624,2682084979,8557.248,17,31345373295992,313453.7329599253,2682084979.0
2019-11-17 00:00:00+00:00,XBTUSD,8456.0,8532.5,8420.0,8484.5,271821,786045873,8477.45,5219,9272507229828,92725.07229827967,786045873.0
2019-11-18 00:00:00+00:00,XBTUSD,8484.5,8640.0,8380.0,8506.0,357247,1303273609,8517.1621,600,15301919337955,153019.19337955062,1303273609.0
2019-11-19 00:00:00+00:00,XBTUSD,8506.0,8506.5,8006.0,8173.5,553784,2474151019,8322.237,200,29730501874559,297305.0187455929,2474151019.0
2019-11-20 00:00:00+00:00,XBTUSD,8173.5,8198.5,7983.5,8123.0,470404,2020621821,8093.8891,100,24964962092922,249649.6209292248,2020621821.0
2019-11-21 00:00:00+00:00,XBTUSD,8123.0,8239.0,8026.0,8080.0,385685,1520604781,8107.0126,3,18757533638355,187575.33638355427,1520604781.0
2019-11-22 00:00:00+00:00,XBTUSD,8080.0,8117.5,7350.0,7614.0,627779,3216585080,7756.1467,7415,41474092922420,414740.9292242008,3216585080.0
2019-11-23 00:00:00+00:00,XBTUSD,7614.0,7721.0,6736.0,7275.5,1077233,5640533528,7236.9373,2028,77942108232794,779421.082327943,5640533528.0
2019-11-24 00:00:00+00:00,XBTUSD,7275.5,7350.0,7101.0,7322.5,567839,1904791671,7234.843000000002,1,26329701324136,263297.0132413622,1904791671.0
2019-11-25 00:00:00+00:00,XBTUSD,7322.5,7346.0,6858.0,6902.5,690546,2723772449,7115.9183,3401,38277744259098,382777.442590987,2723772449.0
2019-11-26 00:00:00+00:00,XBTUSD,6902.5,7389.0,6516.0,7124.0,1095813,4690779276,6912.2831,31,67865364764070,678653.6476407014,4690779276.0
2019-11-27 00:00:00+00:00,XBTUSD,7124.0,7357.0,7012.5,7160.5,715425,2548690727,7148.9848,237,35651623351296,356516.23351296084,2548690727.0
2019-11-28 00:00:00+00:00,XBTUSD,7160.5,7667.0,6831.0,7525.0,863388,3562514343,7247.4272,13315,49158681150331,491586.8115033051,3562514343.0
2019-11-29 00:00:00+00:00,XBTUSD,7525.0,7662.5,7365.0,7424.5,613938,2007567886,7515.9714,4953,26711710353797,267117.10353796976,2007567886.0
2019-11-30 00:00:00+00:00,XBTUSD,7424.5,7870.0,7412.0,7749.0,629206,2298676734,7633.0051,3595,30117155059959,301171.5505995899,2298676734.0
2019-12-01 00:00:00+00:00,XBTUSD,7749.0,7821.0,7450.0,7549.5,477694,1580574227,7625.4385,970,20728001910383,207280.0191038288,1580574227.0
2019-12-02 00:00:00+00:00,XBTUSD,7549.5,7550.0,7225.0,7399.0,698756,2330800876,7348.6185,1500,31719498224608,317194.9822460818,2330800876.0
2019-12-03 00:00:00+00:00,XBTUSD,7399.0,7421.0,7160.0,7300.5,576910,1849164060,7294.4781,5200,25350759234102,253507.59234101922,1849164060.0
2019-12-04 00:00:00+00:00,XBTUSD,7300.5,7422.0,7237.5,7294.5,406522,1231391989,7319.0368,119,16824945368689,168249.45368688952,1231391989.0
2019-12-05 00:00:00+00:00,XBTUSD,7294.5,7800.0,7080.5,7192.5,725568,3113468342,7319.0368,62416,42539905933426,425399.05933426274,3113468342.0
2019-12-06 00:00:00+00:00,XBTUSD,7192.5,7480.0,7140.0,7391.5,650614,2243820337,7329.7662,2000,30612594676719,306125.94676719024,2243820337.0
2019-12-07 00:00:00+00:00,XBTUSD,7391.5,7645.0,7289.5,7538.5,572759,1979172181,7416.196999999999,50,26688214856268,266882.1485626762,1979172181.0
2019-12-08 00:00:00+00:00,XBTUSD,7538.5,7640.0,7479.0,7501.5,344698,1010214682,7535.2272,50,13407285814779,134072.85814779016,1010214682.0
2019-12-09 00:00:00+00:00,XBTUSD,7501.5,7579.0,7387.5,7512.5,350963,1093316907,7488.393,100,14600776619014,146007.7661901406,1093316907.0
2019-12-10 00:00:00+00:00,XBTUSD,7512.5,7689.0,7276.5,7332.5,538305,2231926258,7459.3466,6,29921926466652,299219.26466651924,2231926258.0
2019-12-11 00:00:00+00:00,XBTUSD,7332.5,7395.0,7155.0,7218.0,452220,1665738486,7285.9745,10,22862439075082,228624.3907508209,1665738486.0
2019-12-12 00:00:00+00:00,XBTUSD,7218.0,7266.5,7122.0,7196.5,319146,1154448620,7202.0166,1,16030199816844,160301.99816844167,1154448620.0
2019-12-13 00:00:00+00:00,XBTUSD,7196.5,7445.0,7050.0,7187.0,489708,1750691296,7176.6901,9,24394609700398,243946.0970039811,1750691296.0
2019-12-14 00:00:00+00:00,XBTUSD,7187.0,7300.0,7182.0,7242.0,277535,946762102,7230.1352,3000,13095020474984,130950.20474984,946762102.0
2019-12-15 00:00:00+00:00,XBTUSD,7242.0,7263.5,6994.0,7060.5,364401,1255852592,7129.6164,40000,17615653175351,176156.53175351012,1255852592.0
2019-12-16 00:00:00+00:00,XBTUSD,7060.5,7202.0,7011.5,7107.5,382570,1291636709,7092.1986,20000,18213137078768,182131.3707876784,1291636709.0
2019-12-17 00:00:00+00:00,XBTUSD,7107.5,7172.0,6822.0,6873.0,486210,1889957764,6997.9006,300,27008031082356,270080.3108235583,1889957764.0
2019-12-18 00:00:00+00:00,XBTUSD,6873.0,6933.0,6534.0,6611.5,565153,2313870075,6734.0067,100,34363272072056,343632.7207205603,2313870075.0
2019-12-19 00:00:00+00:00,XBTUSD,6611.5,7489.5,6410.0,7288.0,972738,4074723768,6819.8868,2867,59748244803608,597482.4480360864,4074723768.0
2019-12-20 00:00:00+00:00,XBTUSD,7288.0,7371.5,7034.0,7148.5,592811,2234109575,7152.5642,801,31235738475265,312357.3847526502,2234109575.0
2019-12-21 00:00:00+00:00,XBTUSD,7148.5,7222.5,7075.0,7186.5,393113,1276768414,7145.4091,36,17869198463696,178691.98463696113,1276768414.0
2019-12-22 00:00:00+00:00,XBTUSD,7186.5,7188.0,7101.5,7140.0,205630,605463755,7144.3881,4000,8474989756592,84749.89756592039,605463755.0
2019-12-23 00:00:00+00:00,XBTUSD,7140.0,7534.0,7122.0,7509.5,489565,1784583659,7307.8047,1,24421395818684,244213.95818683802,1784583659.0
2019-12-24 00:00:00+00:00,XBTUSD,7509.5,7697.0,7264.0,7312.0,715350,2770807470,7510.8908,1,36891853483120,368918.5348312028,2770807470.0
2019-12-25 00:00:00+00:00,XBTUSD,7312.0,7416.5,7155.5,7249.0,536496,1774793321,7288.6297,3500,24351931653301,243519.31653300606,1774793321.0
2019-12-26 00:00:00+00:00,XBTUSD,7249.0,7260.5,7111.5,7194.5,399025,1158502649,7199.424,500,16091952517252,160919.52517252095,1158502649.0
2019-12-27 00:00:00+00:00,XBTUSD,7194.5,7445.0,7142.0,7190.0,468399,1533968997,7257.9475,5,21136288106787,211362.88106786786,1533968997.0
2019-12-28 00:00:00+00:00,XBTUSD,7190.0,7268.0,7060.0,7242.0,445484,1462208740,7179.7817,1072,20366805066759,203668.05066759087,1462208740.0
2019-12-29 00:00:00+00:00,XBTUSD,7242.0,7347.0,7231.0,7298.0,445388,1191155941,7296.6071,5000,16325213881894,163252.13881893942,1191155941.0
2019-12-30 00:00:00+00:00,XBTUSD,7298.0,7524.5,7272.0,7381.5,480201,1545732585,7375.7191,3794,20958525702196,209585.25702195987,1545732585.0
2019-12-31 00:00:00+00:00,XBTUSD,7381.5,7382.0,7201.0,7218.5,404378,1263814042,7290.7553,2200,17335668465710,173356.68465709902,1263814042.0
2020-01-01 00:00:00+00:00,XBTUSD,7218.5,7298.5,7115.0,7163.0,352988,1097785557,7201.4979,1500,15244748390818,152447.48390817994,1097785557.0
2020-01-02 00:00:00+00:00,XBTUSD,7163.0,7234.5,7153.0,7179.0,274470,762775093,7196.3155,100,10600117012941,106001.17012940935,762775093.0
2020-01-03 00:00:00+00:00,XBTUSD,7179.0,7183.0,6905.5,6942.0,425292,1471023953,7050.6945,1009,20864501248521,208645.01248520968,1471023953.0
2020-01-04 00:00:00+00:00,XBTUSD,6942.0,7412.0,6855.0,7335.0,751545,3050176897,7217.611,45,42262886078250,422628.86078250274,3050176897.0
2020-01-05 00:00:00+00:00,XBTUSD,7335.0,7399.0,7258.5,7345.0,368114,1183967641,7321.7162,1,16171221364582,161712.21364581998,1183967641.0
2020-01-06 00:00:00+00:00,XBTUSD,7345.0,7494.0,7310.0,7350.5,424155,1533245110,7422.2519,3616,20658479171350,206584.79171349906,1533245110.0
2020-01-07 00:00:00+00:00,XBTUSD,7350.5,7799.0,7341.5,7756.5,609959,2344491871,7564.2965,1,30995873895336,309958.7389533613,2344491871.0
2020-01-08 00:00:00+00:00,XBTUSD,7756.5,8214.5,7740.5,8155.5,854480,3903802488,7949.1256,1,49110254855129,491102.54855128867,3903802488.0
2020-01-09 00:00:00+00:00,XBTUSD,8155.5,8462.5,7880.0,8046.0,1012985,4906482344,8230.4527,12000,59617175744227,596171.7574422661,4906482344.0
2020-01-10 00:00:00+00:00,XBTUSD,8046.0,8046.0,7740.5,7810.5,681100,2634163776,7887.6794,1,33396116017328,333961.1601732815,2634163776.0
2020-01-11 00:00:00+00:00,XBTUSD,7810.5,8204.0,7682.0,8204.0,925221,3782453314,7932.7304,4500,47684802822927,476848.0282292742,3782453314.0
2020-01-12 00:00:00+00:00,XBTUSD,8204.0,8295.0,8006.5,8023.5,679745,2342781516,8124.7969,6869,28837134254648,288371.3425464849,2342781516.0
2020-01-13 00:00:00+00:00,XBTUSD,8023.5,8196.0,7955.0,8187.0,498913,1576712742,8111.6158,1500,19439104829550,194391.04829550206,1576712742.0
2020-01-14 00:00:00+00:00,XBTUSD,8187.0,8200.0,8033.5,8104.5,409746,1313199511,8103.7277,1403,16205368305746,162053.6830574626,1313199511.0
2020-01-15 00:00:00+00:00,XBTUSD,8104.5,8900.0,8104.0,8835.5,1104320,5589882784,8588.1141,20,65090304291775,650903.0429177511,5589882784.0
2020-01-16 00:00:00+00:00,XBTUSD,8835.5,8916.5,8578.0,8816.5,768339,3523353461,8759.6356,100,40223794675974,402237.9467597357,3523353461.0
2020-01-17 00:00:00+00:00,XBTUSD,8816.5,8854.0,8585.5,8719.0,619724,2445274789,8682.8167,31,28162398651431,281623.9865143089,2445274789.0
2020-01-18 00:00:00+00:00,XBTUSD,8719.0,9021.0,8670.5,8901.0,794066,3728596348,8877.8409,1000,41999758558004,419997.58558003727,3728596348.0
2020-01-19 00:00:00+00:00,XBTUSD,8901.0,8984.0,8810.0,8916.5,504752,1836510291,8899.9644,30000,20636069663954,206360.69663954078,1836510291.0
2020-01-20 00:00:00+00:00,XBTUSD,8916.5,9190.0,8430.0,8700.5,783253,3742743016,8818.3422,400,42445011973747,424450.11973746936,3742743016.0
2020-01-21 00:00:00+00:00,XBTUSD,8700.5,8739.0,8516.0,8632.5,505889,2016471911,8637.8164,4893,23346051309818,233460.51309818093,2016471911.0
2020-01-22 00:00:00+00:00,XBTUSD,8632.5,8772.5,8455.0,8727.5,466583,1797763495,8643.7894,9243,20799870403477,207998.70403476435,1797763495.0
2020-01-23 00:00:00+00:00,XBTUSD,8727.5,8796.5,8552.0,8664.5,368683,1313340524,8670.7708,250,15147416189900,151474.16189899985,1313340524.0
2020-01-24 00:00:00+00:00,XBTUSD,8664.5,8669.5,8283.5,8392.0,671484,2892720411,8440.9555,3200,34272548707551,342725.4870755139,2892720411.0
2020-01-25 00:00:00+00:00,XBTUSD,8392.0,8515.0,8223.5,8425.5,576726,2520283967,8380.1223,1400,30075524478996,300755.24478996283,2520283967.0
2020-01-26 00:00:00+00:00,XBTUSD,8425.5,8427.5,8251.0,8326.0,397655,1484100809,8322.9297,500,17832209575305,178322.09575305038,1484100809.0
2020-01-27 00:00:00+00:00,XBTUSD,8326.0,8599.5,8286.0,8597.5,452126,1814758342,8449.5142,500,21477686794671,214776.86794671483,1814758342.0
2020-01-28 00:00:00+00:00,XBTUSD,8597.5,8994.5,8566.0,8900.0,634879,3131528831,8757.3343,100,35760822690799,357608.22690798424,3131528831.0
2020-01-29 00:00:00+00:00,XBTUSD,8900.0,9434.0,8886.0,9400.0,892413,4571974682,9076.8812,600,50372217746126,503722.1774612545,4571974682.0
2020-01-30 00:00:00+00:00,XBTUSD,9400.0,9440.0,9235.0,9294.5,633542,3016724002,9337.0682,25,32309835853225,323098.3585322491,3016724002.0
2020-01-31 00:00:00+00:00,XBTUSD,9294.5,9579.0,9052.0,9510.0,722011,3871834826,9376.4651,333,41294924991482,412949.249914816,3871834826.0
2020-02-01 00:00:00+00:00,XBTUSD,9510.0,9528.0,9205.0,9339.5,540931,2429182170,9338.8121,100,26013226184067,260132.2618406695,2429182170.0
2020-02-02 00:00:00+00:00,XBTUSD,9339.5,9464.0,9287.5,9382.0,416480,1606928169,9376.4651,50,17138259965682,171382.59965682073,1606928169.0
2020-02-03 00:00:00+00:00,XBTUSD,9382.0,9483.5,9113.0,9325.0,570938,2558075884,9363.2959,100,27321207334293,273212.073342929,2558075884.0
2020-02-04 00:00:00+00:00,XBTUSD,9325.0,9619.0,9220.0,9282.0,583506,2901398321,9357.1629,100,31008597570647,310085.97570646554,2901398321.0
2020-02-05 00:00:00+00:00,XBTUSD,9282.0,9348.0,9080.0,9166.0,562576,2851149240,9200.4784,20000,30990114691208,309901.1469120729,2851149240.0
2020-02-06 00:00:00+00:00,XBTUSD,9166.0,9779.0,9157.0,9630.0,684599,3835754054,9476.8764,20000,40475326466712,404753.2646671261,3835754054.0
2020-02-07 00:00:00+00:00,XBTUSD,9630.0,9869.0,9530.0,9763.0,675691,3831983024,9717.2286,11,39436342371540,394363.4237153945,3831983024.0
2020-02-08 00:00:00+00:00,XBTUSD,9763.0,9890.0,9713.0,9815.0,501179,2479752042,9787.6089,5000,25336414236988,253364.1423698829,2479752042.0
2020-02-09 00:00:00+00:00,XBTUSD,9815.0,9957.5,9665.5,9908.0,517274,2628334844,9827.044,31,26748218789840,267482.1878983989,2628334844.0
2020-02-10 00:00:00+00:00,XBTUSD,9908.0,10185.5,9899.0,10172.5,558032,2935217599,10083.6947,5,29109681440513,291096.8144051328,2935217599.0
2020-02-11 00:00:00+00:00,XBTUSD,10172.5,10199.0,9715.5,9862.5,701152,3654168022,9923.5884,1,36824313689114,368243.1368911439,3654168022.0
2020-02-12 00:00:00+00:00,XBTUSD,9862.5,10400.0,9725.0,10286.0,680240,3819505406,10032.1027,4276,38075923377760,380759.2337775878,3819505406.0
2020-02-13 00:00:00+00:00,XBTUSD,10286.0,10500.0,10257.0,10363.0,622545,3195518429,10358.4007,1,30852454097557,308524.5409755645,3195518429.0
2020-02-14 00:00:00+00:00,XBTUSD,10363.0,10550.0,10075.0,10241.0,853637,4590116972,10298.6612,5,44571796959491,445717.9695949197,4590116972.0
2020-02-15 00:00:00+00:00,XBTUSD,10241.0,10393.0,10119.0,10369.5,519420,2321594602,10261.6727,25,22624908151305,226249.08151304504,2321594602.0
2020-02-16 00:00:00+00:00,XBTUSD,10369.5,10402.5,9731.0,9907.0,546848,2793702129,10068.4656,898,27749254368966,277492.5436896567,2793702129.0
2020-02-17 00:00:00+00:00,XBTUSD,9907.0,10049.0,9642.0,9934.0,607092,2631092637,9882.3994,31,26625980039735,266259.800397347,2631092637.0
2020-02-18 00:00:00+00:00,XBTUSD,9934.0,9970.0,9485.0,9715.0,745141,3536302919,9698.3804,100,36466346784676,364663.4678467534,3536302919.0
2020-02-19 00:00:00+00:00,XBTUSD,9715.0,10300.0,9621.0,10195.5,742140,3722933606,9903.9319,230,37590493270465,375904.932704644,3722933606.0
2020-02-20 00:00:00+00:00,XBTUSD,10195.5,10331.0,9260.5,9596.5,749976,4113270117,9963.1364,333,41287884131809,412878.8413180911,4113270117.0
2020-02-21 00:00:00+00:00,XBTUSD,9596.5,9688.0,9354.0,9607.5,565110,2896538588,9574.8755,374,30253964900977,302539.64900976943,2896538588.0
2020-02-22 00:00:00+00:00,XBTUSD,9607.5,9788.0,9506.0,9694.0,444784,1943485619,9689.9225,198,20057880852675,200578.80852674952,1943485619.0
2020-02-23 00:00:00+00:00,XBTUSD,9694.0,9718.5,9560.5,9675.5,299239,1047504190,9655.3056,25,10849462269630,108494.62269629988,1047504190.0
2020-02-24 00:00:00+00:00,XBTUSD,9675.5,10045.0,9674.5,9966.0,456599,2129179142,9901.9705,154,21503626299379,215036.26299378887,2129179142.0
2020-02-25 00:00:00+00:00,XBTUSD,9966.0,10036.0,9480.0,9660.5,674542,3127248830,9734.2548,1,32126305803640,321263.05803640326,3127248830.0
2020-02-26 00:00:00+00:00,XBTUSD,9660.5,9697.5,9233.5,9317.0,652016,2825728347,9472.388,38,29832780209141,298327.8020914069,2825728347.0
2020-02-27 00:00:00+00:00,XBTUSD,9317.0,9368.0,8580.0,8780.0,908053,4672566740,9004.9527,3000,51890742699358,518907.4269935836,4672566740.0
2020-02-28 00:00:00+00:00,XBTUSD,8780.0,8969.0,8523.0,8820.0,730658,3233578879,8776.5491,12000,36845554064741,368455.5406474104,3233578879.0
2020-02-29 00:00:00+00:00,XBTUSD,8820.0,8902.5,8438.0,8717.5,824892,3535037527,8649.7708,31,40869513915801,408695.1391580107,3535037527.0
2020-03-01 00:00:00+00:00,XBTUSD,8717.5,8806.5,8525.5,8531.5,499069,1624579497,8681.3091,3000,18713580667188,187135.80667187934,1624579497.0
2020-03-02 00:00:00+00:00,XBTUSD,8531.5,8769.0,8400.0,8532.5,736828,2865341712,8566.0442,200,33451955863782,334519.5586378231,2865341712.0
2020-03-03 00:00:00+00:00,XBTUSD,8532.5,8967.0,8490.0,8918.5,594418,2260357992,8757.3343,31,25811170991093,258111.70991092836,2260357992.0
2020-03-04 00:00:00+00:00,XBTUSD,8918.5,8930.0,8660.0,8757.0,603755,2506496796,8787.3462,1999,28525146087259,285251.4608725883,2506496796.0
2020-03-05 00:00:00+00:00,XBTUSD,8757.0,8849.0,8665.0,8756.5,482268,1706557363,8756.5674,106,19489359825648,194893.5982564816,1706557363.0
2020-03-06 00:00:00+00:00,XBTUSD,8756.5,9171.0,8756.0,9070.5,607417,2680324726,9013.0689,1000,29740200599007,297402.0059900681,2680324726.0
2020-03-07 00:00:00+00:00,XBTUSD,9070.5,9180.0,9001.0,9158.5,428392,1771717908,9100.0091,118,19470218778922,194702.18778922016,1771717908.0
2020-03-08 00:00:00+00:00,XBTUSD,9158.5,9224.5,8851.0,8900.0,485186,2109118200,9042.4089,58534,23326664389250,233266.64389250052,2109118200.0
2020-03-09 00:00:00+00:00,XBTUSD,8900.0,8900.0,8001.0,8038.5,813564,3565316312,8457.3748,5,42156730599094,421567.30599095055,3565316312.0
2020-03-10 00:00:00+00:00,XBTUSD,8038.5,8184.5,7630.5,7928.0,1119012,4800156501,7856.0767,2000,61105980051886,611059.8005188338,4800156501.0
2020-03-11 00:00:00+00:00,XBTUSD,7928.0,8150.0,7723.0,7889.5,764935,3415078897,7951.6539,3935,42948944691125,429489.446911248,3415078897.0
2020-03-12 00:00:00+00:00,XBTUSD,7889.5,7985.0,7593.0,7939.0,755014,2616658378,7816.7748,1,33476979702338,334769.7970233758,2616658378.0
2020-03-13 00:00:00+00:00,XBTUSD,7939.0,7967.0,4266.0,4346.0,2038313,9879605680,6227.0378,2173,158656719493559,1586567.1949355428,9879605680.0
2020-03-14 00:00:00+00:00,XBTUSD,4346.0,5873.5,3596.0,5571.5,2019899,8470456293,5061.241,2000,167366784707235,1673667.8470723259,8470456293.0
2020-03-15 00:00:00+00:00,XBTUSD,5571.5,5651.0,5046.0,5160.5,1038656,2284697834,5382.7107,33,42446791997933,424467.9199793211,2284697834.0
2020-03-16 00:00:00+00:00,XBTUSD,5160.5,5974.0,5087.0,5338.5,1058121,2416784951,5391.7076,518,44824607664249,448246.0766424908,2416784951.0
2020-03-17 00:00:00+00:00,XBTUSD,5338.5,5347.5,4394.0,5036.5,1760930,3767784970,4862.3942,75,77491002141509,774910.0214151493,3767784970.0
2020-03-18 00:00:00+00:00,XBTUSD,5036.5,5566.0,4930.0,5327.0,1246806,2483878294,5301.1026,54,46856872752511,468568.72752509115,2483878294.0
2020-03-19 00:00:00+00:00,XBTUSD,5327.0,5455.0,5003.5,5409.5,1122177,2329210649,5263.9891,31,44248883924134,442488.8392413368,2329210649.0
2020-03-20 00:00:00+00:00,XBTUSD,5409.5,6464.0,5260.0,6185.0,1218489,2961750416,5867.1673,31,50482534569156,504825.3456915618,2961750416.0
2020-03-21 00:00:00+00:00,XBTUSD,6185.0,6946.0,5653.0,6204.0,1491646,3783695861,6381.2137,5000,59296291295871,592962.9129587094,3783695861.0
2020-03-22 00:00:00+00:00,XBTUSD,6204.0,6448.0,5860.0,6192.0,1045460,2179889762,6160.6703,500,35385919979417,353859.1997941665,2179889762.0
2020-03-23 00:00:00+00:00,XBTUSD,6192.0,6422.5,5737.5,5820.5,1019419,2206628792,6075.7033,1000,36320753789581,363207.53789580526,2206628792.0
2020-03-24 00:00:00+00:00,XBTUSD,5820.5,6640.5,5683.0,6486.0,1087715,2720999038,6171.3157,50,44091991998255,440919.9199825521,2720999038.0
2020-03-25 00:00:00+00:00,XBTUSD,6486.0,6876.5,6400.0,6765.0,974631,2242836537,6654.6882,1110,33704696840226,337046.96840226505,2242836537.0
